title,content
"জামায়াতকে যদি ভোট দেন, তাইলে আমার মৃতদেহ পাবেন: বিএনপি নেতা ফজলুর রহমান","কিশোরগঞ্জ-৪ আসনে বিএনপি-মনোনীত প্রার্থী বীর মুক্তিযোদ্ধা ফজলুর রহমান তাঁর কর্মী-সমর্থকদের উদ্দেশে বলেছেন, ‘জামায়াতকে যদি ভোট দেন, তাইলে আমার মৃতদেহ পাবেন।’ শুক্রবার (২৮ নভেম্বর) বিকেলে কিশোরগঞ্জের ইটনা উপজেলার মৃগা ইউনিয়ন বিএনপি, অঙ্গ ও সহযোগী সংগঠন আয়োজিত কর্মী সম্মেলনে প্রধান অতিথির বক্তব্যে তিনি এই মন্তব্য করেন।
সম্মেলনে বিএনপির চেয়ারপারসনের উপদেষ্টা ফজলুর রহমান বলেন, ‘বন্ধুরা, আমি আজকে আপনাদের কাছে খুব খারাপ মানুষ। এই কারণে খারাপ মানুষ আপনাদের জন্য আমি সম্মান বয়ে আনতে পারি নাই। আপনাদের জন্য আমি একটা টাইটেল এনেছি। সেই টাইটেলটা হলো আমি হলাম “ফজা পাগলা”। যে...আমাকে এই টাইটেলটা দিয়েছে তাদের নাম হলো স্বাধীনতাবিরোধী মুক্তিযুদ্ধবিরোধী জামায়াত। তাদেরকে যদি ভোট দেন তাইলে আমার মৃতদেহ পাবেন।’ এরপর ফজলুর রহমান উপস্থিত সবার কাছে প্রশ্ন করেন, ‘তাদেরকে ভোট দেবেন আপনারা?’ অপর পাশ থেকে তখন সবাই সমস্বরে ‘না’ জবাব দেন।
ফজলুর রহমান আরও বলেন, ‘কালকেও আমাকে অন্তত ১০০টা বকা দেওয়া হয়েছে। কী বকা দেয়, বুঝবেন না আপনারা। সহ্য করা যায় না। আমার অপরাধ কী? আমি তো জামায়াতে ইসলাম, মুক্তিযুদ্ধবিরোধীদের বকি নাই। ৫ আগস্টের পর তারা বলতে শুরু করল, ১৯৪৭ সালে মুক্তিযুদ্ধ হয়েছিল আর ২০২৪ সালে শেষ মুক্তিযুদ্ধ হইছে। একাত্তর সনে একটা গন্ডগোল হইছিল। এই গন্ডগোলটা ইন্ডিয়া লাগাইয়া দিসিলো, একাত্তর সালে কোনো মুক্তিযুদ্ধ হয় নাই।’
ফজলুর রহমান বলেন, ‘যারা যুদ্ধ করে এই বাংলাদেশ স্বাধীন করেছে, আমি তাদের মধ্যে অন্যতম। বন্ধুরা, কাজেই যখন দেখলাম কেউ কথা বলে না; আমার দল যখন চুপ করে থাকে, তখন জীবন-মৃত্যুর রিস্ক (ঝুঁকি) নিয়ে বাঁ হাতের আঙুলটা তুলে আমি বললাম—এই রাজাকারের বাচ্চারা, এখনো কিন্তু জীবিত আছি রে। মুক্তিযুদ্ধ আছে, মুক্তিযুদ্ধ থাকবে। তোমরা যদি মুক্তিযুদ্ধকে শেষ করে দিতে চাও, তোমাদের সঙ্গে আরেকটা রাজনৈতিক যুদ্ধ হবে আমাদের।’
এ সময় ফজলুর রহমানের সহধর্মিণী জেলা বিএনপির সাবেক সহসভাপতি উম্মে কুলসুম রেখা, সাবেক সহসাধারণ সম্পাদক আমিনুল ইসলাম, ইটনা উপজেলা বিএনপির সভাপতি এস এম কামাল হোসেন, সাধারণ সম্পাদক সিদ্দিকুর রহমান স্বপন ঠাকুর প্রমুখ উপস্থিত ছিলেন।"
পাবনায় দুই দলের সংঘর্ষ: গুলি ছোড়া যুবককে নিয়ে বিএনপি–জামায়াতের পাল্টাপাল্টি দাবি,"পাবনার ঈশ্বরদীতে বিএনপি ও জামায়াতের নেতা–কর্মীদের মধ্যে সংঘর্ষের সময় এক যুবক অস্ত্র হাতে গুলি ছুড়ছেন, এমন একটি ছবি সামাজিক যোগাযোগমাধ্যম ফেসবুকে ছড়িয়ে পড়েছে।
বিএনপি নেতা–কর্মীরা দাবি করেন, অস্ত্রধারী ওই যুবক জামায়াত–শিবিরের কর্মী। অন্যদিকে জামায়াত নেতাদের দাবি, তিনি বিএনপির কর্মী।
গতকাল বৃহস্পতিবার বিকেলে উপজেলার সাহাপুর ইউনিয়নের চরগড়গড়ি গ্রামে নির্বাচনী প্রচারণা চালাতে গেলে জামায়াত ও বিএনপির এই সংঘর্ষের ঘটনা ঘটে। এতে উভয় পক্ষের অন্তত ২৫ জন আহত হন। ফেসবুকে ছড়ানো ছবিতে দেখা যায়, রাস্তায় বেশ কিছু লোকজনের জটলা। এর মধ্যে সাদা টি–শার্ট ও জিনসের প্যান্ট পরা এক যুবক ডান হাতে পিস্তল উঁচিয়ে গুলি ছুড়ছেন।
সাহাপুর ইউনিয়ন কৃষক দলের সভাপতি মক্কেল মৃধা দাবি করেন, গুলি চালানো ওই যুবকের নাম তুষার হোসেন। তাঁর বাড়ি ঈশ্বরদী পৌর শহরের ভেলুপাড়া মহল্লায়। তিনি জামায়াত–শিবিরের কর্মী। তাঁর গুলিতে বিএনপির কয়েকজন আহত হয়েছেন।
অন্যদিকে পাবনা–৪ (ঈশ্বরদী–আটঘরিয়া) আসনে জামায়াতের প্রার্থী ও জেলা জামায়াতের আমির আবু তালেব মন্ডল বলেন, ‘আমরা অস্ত্রের রাজনীতি করি না। আমাদের কোনো কর্মীর হাতে অস্ত্র ছিল না। আমরা গ্রামটিতে গণসংযোগে গিয়েছিলাম। আমাদের ওপর বিএনপির সন্ত্রাসীরা অতর্কিত হামলা চালিয়ে অর্ধশতাধিক নেতা–কর্মীকে আহত করেছে। তাঁদের কয়েকজনকে গুরুতর অবস্থায় রাজশাহী মেডিকেলে নেওয়া হয়েছে।’
ঈশ্বরদী থানার ভারপ্রাপ্ত কর্মকর্তা (ওসি) আ স ম আব্দুর নূর বলেন, ‘ঘটনায় দুই পক্ষই পাল্টাপাল্টি অভিযোগ করছে। আমরা বিষয়টি তদন্ত করছি। তদন্তের পর প্রয়োজনীয় ব্যবস্থা নেওয়া হবে।’
উল্লেখ্য, পাবনা–৪ আসনে বিএনপি মনোনীত প্রার্থী হিসেবে মাঠে কাজ করছেন বিএনপি চেয়ারপারসনের উপদেষ্টা ও জেলা বিএনপির আহ্বায়ক হাবিবুর রহমান। জামায়াত মনোনীত প্রার্থী হিসেবে আছেন জেলা জামায়াতের আমির আবু তালেব মন্ডল। উপজেলার চরগড়গড়ি গ্রামে কয়েক দিন ধরে দুই পক্ষের সমর্থকদের মধ্যে বিরোধ চলছিল। দুই দিন আগে তাদের মধ্যে কথা–কাটাকাটি ও হাতাহাতির ঘটনা ঘটে। এ পরিপ্রেক্ষিতে গতকাল বিকেলে জামায়াত মনোনীত প্রার্থী এলাকায় গণসংযোগে যান। এ সময় দুই পক্ষের মধ্যে কথা–কাটাকাটি, হাতাহাতি ও সংঘর্ষের ঘটনা ঘটে। সংঘর্ষে কয়েকটি গুলি ছোড়া হয় এবং কিছু মোটরসাইকেল ভাঙচুর করা হয়। এতে উভয় পক্ষের অন্তত ২৫ জন আহত হন। পরে স্থানীয় লোকজন তাঁদের উদ্ধার করে ঈশ্বরদী উপজেলা স্বাস্থ্য কমপ্লেক্স ও রাজশাহী মেডিকেল কলেজ হাসপাতালে ভর্তি করেন।"
আসন সমঝোতা নিয়ে কৌশলী অবস্থান জামায়াতের,"আগামী জাতীয় সংসদ নির্বাচনে আসন সমঝোতা নিয়ে এখনো স্পষ্ট অবস্থান জানায়নি জামায়াতে ইসলামী। এ ক্ষেত্রে কিছুটা কৌশলী অবস্থান নিয়েছে দলটি। ইসলামী আন্দোলনসহ সমমনা সাতটি দলকে নিয়ে পাঁচ দফা দাবিতে অভিন্ন কর্মসূচির মধ্য দিয়ে সরকারের ওপর একধরনের চাপ বজায় রেখে নির্বাচনী কৌশল সাজাচ্ছে। পাশাপাশি ‘এক আসনে এক প্রার্থী’—এই নীতিকে ভিত্তি করে দলগুলো আসনভিত্তিক জরিপ চালাচ্ছে। জরিপের ফলাফলের ভিত্তিতে প্রার্থী চূড়ান্ত করা হবে। সম্ভাব্য এই নির্বাচনী সমঝোতায় আরও কয়েকটি দলকে পাশে পেতে চেষ্টা চলছে বলে সংশ্লিষ্ট সূত্র থেকে জানা গেছে।
আপাতত জোট না করে ‘নির্বাচনী সমঝোতার’ কথা বলে আসন সমঝোতা চূড়ান্ত করতে যাচ্ছে জামায়াতসহ আট দল। এটা ডিসেম্বরের প্রথম সপ্তাহ নাগাদ চূড়ান্ত হতে পারে বলে মনে করছেন দলগুলোর নেতারা। তবে নির্বাচনের তফসিল ঘোষণার পরও এই সমঝোতা কৌশলের কাজ চলমান থাকবে। দলের বাইরে কোথাও কোথাও অন্য দলের প্রভাবশালী বা মনোনয়নবঞ্চিত প্রার্থীর সঙ্গেও ঘোষিত বা অঘোষিত সমঝোতা হতে পারে।
জামায়াতের একজন কেন্দ্রীয় নেতা নাম প্রকাশ না করার শর্তে প্রথম আলোকে বলেন, ‘সমমনা আট দলের সঙ্গে আরও দল যোগ হতে পারে। আসন সমঝোতার ক্ষেত্রে চমক দেখা যেতে পারে।’
গত শনিবার জামায়াতের আমির শফিকুর রহমান চট্টগ্রামে সাংবাদিকদের বলেছেন, ‘আমরা কনভেনশনাল (প্রচলিত) কোনো জোট করব না। কিন্তু অনেকগুলো দল ও শক্তির সঙ্গে আমাদের নির্বাচনী সমঝোতা হবে।’
তবে আর কোন কোন দলের সঙ্গে সমঝোতার চেষ্টা বা আলাপ চলছে, সেটা এখন প্রকাশ করতে চাইছে না জামায়াতে ইসলামী। তবে সমমনা কয়েকটি দলের উচ্চপর্যায়ের কয়েকজন নেতার সঙ্গে কথা বলে জানা গেছে, নির্বাচনী আসন সমঝোতায় জামায়াতসহ আট দল জাতীয় নাগরিক পার্টি (এনসিপি), আমার বাংলাদেশ পার্টি (এবি পার্টি) ও গণ অধিকার পরিষদকেও পাশে পেতে চায়। তাঁদের কারও কারও সঙ্গে অনানুষ্ঠানিক আলোচনা বা যোগাযোগ হচ্ছে।
সংশ্লিষ্ট অপর রাজনৈতিক একটি সূত্র জানায়, এবি পার্টি, এনসিপি, গণ অধিকার ও আপ বাংলাদেশ মিলে নির্বাচনী জোট বা সমঝোতার সম্ভাব্যতা নিয়ে একটা রাজনৈতিক প্রচেষ্টা চলছে। এই প্রচেষ্টায় যুক্ত ব্যক্তিদের মতে, এ রকম কোনো নির্বাচনী জোট হলে তারা জামায়াতের ভোটে ভাগ বসাবে। সে কারণে জামায়াত এই দলগুলোকে নির্বাচনী সমঝোতায় পাশে পেতে চায়।
যদিও এনসিপির আহ্বায়ক নাহিদ ইসলাম গতকাল সংবাদ সম্মেলনে বলেছেন, এনসিপি কোনো ধরনের ক্ষমতার জন্য, আসনের জন্য কারও সঙ্গে কোনো ধরনের সমঝোতা করবে না।
এদিকে জামায়াতসহ সমমনা আট দল–সংশ্লিষ্ট সূত্র জানায়, কেবল রাজনৈতিক সমঝোতা নয়—কোন আসনে কোন দলের প্রার্থীর জনপ্রিয়তা বেশি, সেটি মাঠপর্যায়ে যাচাই-বাছাই করে মনোনয়ন বা আসন ছাড়ের সিদ্ধান্ত নেওয়া হবে। জামায়াত ও ইসলামী আন্দোলনের পক্ষ থেকে প্রতিটি দলকে অভ্যন্তরীণ জরিপ চালিয়ে তথ্য লিয়াজোঁ কমিটিতে জমা দিতে বলা হয়েছে।
ইসলামী আন্দোলন বাংলাদেশের জ্যেষ্ঠ প্রেসিডিয়াম সদস্য সৈয়দ মোসাদ্দেক বিল্লাহ আল মাদানী প্রথম আলোকে বলেন, জনপ্রিয়তা ও বিজয়ের সম্ভাবনা যাচাইয়ে ৩০০ আসনেই জরিপ চলছে। নভেম্বরেই কাজ শেষ হয়ে যেতে পারে। এরপর ডিসেম্বরের প্রথম সপ্তাহে আসন সমঝোতার বিষয়টি চূড়ান্ত হতে পারে।
আগামী নির্বাচনে বিএনপির প্রধান প্রতিদ্বন্দ্বী জামায়াতে ইসলামী। গত বছরের ৫ আগস্ট ছাত্র-জনতার অভ্যুত্থানে আওয়ামী লীগ সরকারের পতনের পর একসময়কার ওই দুই মিত্র দলের মধ্যে দূরত্ব বাড়তে থাকে। এমন পরিস্থিতিতে জামায়াত ইসলামপন্থী দলগুলোকে নিয়ে রাজনৈতিক সমঝোতার দিকে এগিয়ে যায়। দলগুলো হলো চরমোনাই পীরের দল ইসলামী আন্দোলন বাংলাদেশ, খেলাফত মজলিস, বাংলাদেশ খেলাফত মজলিস, বাংলাদেশ খেলাফত আন্দোলন, বাংলাদেশ নেজামে ইসলাম পার্টি, জাতীয় গণতান্ত্রিক পার্টি (জাগপা) ও বাংলাদেশ ডেভেলপমেন্ট পার্টি।
জামায়াতে ইসলামীর হয়ে সমমনা দলগুলোর সঙ্গে লিয়াজোঁ করছেন দলটির সহকারী সেক্রেটারি জেনারেল হামিদুর রহমান আযাদ। তিনি প্রথম আলোকে বলেন, ‘আমাদের আলোচনা হয়েছে। আমরা একসঙ্গে নির্বাচন করব বলে সিদ্ধান্ত হয়েছে।’
তবে কবে নাগাদ সমঝোতার বিষয়টি স্পষ্ট হবে, সেটির সময়সীমা বলেননি তিনি। হামিদুর রহমান আযাদ বলেন, কে কোন আসন পাবে, কীভাবে সমঝোতা হবে—এসব নিয়ে আলোচনা চলছে। একটু সময় নেওয়া হচ্ছে। তবে নির্বাচনের তফসিলের আগেই সমঝোতা চূড়ান্ত করার লক্ষ্য আছে।
জামায়াতসহ সমমনা দলগুলোর নেতারা জানান, আট দলের মধ্যে একটা ভালো বোঝাপড়া তৈরি হয়েছে। তবে আসন সমঝোতার বিষয়ে চূড়ান্ত করার ক্ষেত্রে দুটি কারণে সময় নেওয়া হচ্ছে। এক. আট দলের বাইরে যে দু-তিনটি দলের সঙ্গে অনুষ্ঠানিক আলোচনা বা যোগাযোগ চলছে; শেষ পর্যন্ত তাদের সঙ্গে সমঝোতা হয় কি না, হলে কত আসন ছাড়তে হতে পারে, সেটা বিবেচনার বিষয় রয়েছে। দুই. সমঝোতা ঘোষণার পর যাতে দলগুলোর মধ্যে অন্য কারও প্ররোচনায় সংকট সৃষ্টি না হয়, সেটাও নিশ্চিত করা।
নাম প্রকাশ না করার শর্তে সমমনা একটি দলের শীর্ষ নেতা প্রথম আলোকে বলেন, আগামী নির্বাচন অনেকটাই বিএনপি–জোট বনাম জামায়াত–জোটের মধ্যে হবে। এখন যদি সমঝোতা বা জোটের বিষয়টি স্পষ্ট করা হয়, তাহলে দলগুলোকে অন্য পক্ষ আরও বেশি প্রলোভন দিতে পারে। এ নিয়ে বিব্রতকর পরিস্থিতির উদ্ভব হতে পারে। তাই এখনই সমঝোতার বিষয়টি চূড়ান্ত না করাটাও রাজনৈতিক কৌশলের অংশ।
জামায়াতসহ আট দলের প্রচেষ্টার বিপরীতে বিএনপিও নির্বাচনী মিত্র বাড়ানোর চেষ্টা চালিয়ে যাচ্ছে। বিশেষ করে তাদের নজর ধর্মভিত্তিক দলগুলোর দিকে। এ নিয়ে অঘোষিত দ্বৈরথ চলছে।
এরই মধ্যে জমিয়তে উলামায়ে ইসলাম বাংলাদেশ এবং ইসলামী ঐক্য জোট (একাংশ) বিএনপির সঙ্গে আছে। মামুনুল হকের নেতৃত্বাধীন বাংলাদেশ খেলাফত মজলিস অভিন্ন কর্মসূচিতে জামায়াতসহ আট দলে যুক্ত আছে। তবে বিএনপি মাওলানা মামুনুল হকের দলকে পাশে পেতে চায় বলে রাজনৈতিক অঙ্গনে আলোচনা আছে।
বাংলাদেশ খেলাফত মজলিসের আমির মামুনুল হক প্রথম আলোকে বলেন, নীতিগত আলোচনা চললেও এখন পর্যন্ত ‘ইসলামি দলগুলোর ভোট এক বাক্সে’ আনার বিষয়ে চূড়ান্ত কোনো রূপরেখা আলোচনার টেবিলে গড়ায়নি। নির্বাচনের তফসিলের ওপর অনেক কিছু নির্ভর করবে।
পাশাপাশি আলেম–ওলামাদের মাধ্যমে ধর্মপ্রাণ মানুষের ভোট নিজেদের দিকে নিতে জোর প্রচেষ্টা চালাচ্ছে বিএনপি। এ জন্য হেফাজতে ইসলামের একাংশের সঙ্গে বিএনপির একটা বোঝাপড়া তৈরি হয়েছে। এ ছাড়া ধর্মভিত্তিক দলগুলোর বিভিন্ন অনুষ্ঠানে অংশ নিচ্ছেন বিএনপির কেন্দ্রীয় নেতাদের অনেকে। সেসব অনুষ্ঠানে গিয়ে জামায়াতের সমালোচনা করে কথা বলতে দেখা যাচ্ছে।
জামায়াত নেতাদের সঙ্গে কথা বলে জানা গেছে, কয়েকটি দলের সঙ্গে সমঝোতার পাশাপাশি অন্য ধর্মাবলম্বী, চিকিৎসক, আইনজীবী, ব্যবসায়ীসহ অন্য পেশার কাউকে কাউকে প্রার্থী করা বা তাদের সমর্থন দেওয়া হতে পারে। আসন সমঝোতা না করে অনেক প্রার্থীকে সমর্থন দেওয়ার কৌশলী ভূমিকাও নিতে পারে জামায়াত। এ ক্ষেত্রে বিএনপির মনোনয়নবঞ্চিত প্রভাবশালী প্রার্থীরাও জামায়াতের বিবেচনায় থাকবেন কি না; সেটা এখনো স্পষ্ট নয়।
আসন সমঝোতার পাশাপাশি প্রশাসনিক রদবদলের দিকেও কড়া নজর রয়েছে জামায়াতের। এ জন্য দলটি সরকার, নির্বাচন কমিশনের সঙ্গে বৈঠক এবং রাজনৈতিক বক্তৃতা–বিবৃতিতে বারবার ‘লেভেল প্লেয়িং ফিল্ড’–এর প্রসঙ্গ আনছে। দলটি চায় সরকারের ওপর চাপ তৈরি করে প্রশাসনিক রদবদলে যতটা সম্ভব ভারসাম্য আনতে।
গত বুধবার নির্বাচন কমিশনের সঙ্গে সংলাপে জামায়াতের সেক্রেটারি জেনারেল মিয়া গোলাম পরওয়ার প্রস্তাব দিয়েছেন, জাতীয় সংসদ নির্বাচনের তফসিলের পর লটারির মাধ্যমে যেন মাঠ প্রশাসনে কর্মকর্তাদের বদলি ও পদায়নের ব্যবস্থা করা হয়।
তবে অনেকে মনে করছেন, সরকারকে চাপে রেখে নিজ দলের অনুসারীদের প্রশাসনিক পদে অন্তর্ভুক্ত করার জন্য এটি জামায়াতের একটি কৌশল।
জুলাই সনদ বাস্তবায়নের আদেশ জারির পর অনেকেই ধারণা করেছিল, জামায়াতসহ আট দল অভিন্ন কর্মসূচি থেকে সরে আসবে। কিন্তু নতুন করে ‘বিভাগীয় সমাবেশ’ কর্মসূচি ঘোষণা করেছে দলগুলো। ঢাকা বাদে অন্য বিভাগগুলোতে এই সমাবেশ শুরু হবে ৩০ নভেম্বর। রাজশাহী দিয়ে শুরু হবে এই সমাবেশ আর ৬ ডিসেম্বর সিলেটে গিয়ে শেষ হবে।
রাজনীতি–সংশ্লিষ্ট ব্যক্তিরা মনে করছেন, এখন মাঠের কর্মসূচি দিয়ে সরকারের ওপর চাপ ধরে রেখে ‘রাজনৈতিক সুবিধা’ নিতে চায় জামায়াত। বিভাগীয় কর্মসূচির মাধ্যমে তারা সারা দেশে সংস্কার বিষয়ে তাদের অবস্থান জানাতে চায়। পাশাপাশি বিএনপি যে সংস্কারের বিপক্ষে, এই আলোচনাও জারি রাখতে চায়। এটাও প্রতিদ্বন্দ্বী রাজনৈতিক পক্ষকে চাপে রাখার একটা কৌশল।"
"চারটি আসনে বিএনপিতে অসন্তোষ, আগেভাগেই প্রচারে জামায়াত","ব্রাহ্মণবাড়িয়ার ছয়টি সংসদীয় আসনের মধ্যে একটি ছাড়া প্রতিটিতেই বিএনপির প্রার্থী নিয়ে একাংশের মধ্যে অসন্তোষ দেখা দিয়েছে। ঘোষিত চারটি আসনের মধ্যে তিনটিতেই প্রার্থী পুনর্বিবেচনার দাবি উঠেছে। দুটি আসন যুগপৎ আন্দোলনের দুই শরিক দলকে ছেড়ে দেওয়ার আলোচনা রয়েছে রাজনীতির মাঠে। অন্যদিকে আগেভাগে প্রার্থী ঘোষণা করে প্রচারে আছে জামায়াতে ইসলামী।
জাতীয় নাগরিক পার্টি (এনসিপি) আনুষ্ঠানিকভাবে প্রার্থী ঘোষণা না করলেও সদরসহ কয়েকটি আসনে দলটির নেতারা তৎপর আছেন। এককভাবে প্রতিটি আসনে প্রচারণা চালাচ্ছে ইসলামী আন্দোলন বাংলাদেশ ও বাংলাদেশ খেলাফত মজলিস। এছাড়া বাংলাদেশের কমিউনিস্ট পার্টি (সিপিবি) তিনটিতে এবং গণসংহতি আন্দোলনের প্রধান সমন্বয়ক জোনায়েদ সাকিসহ দুজন দুটি আসনে প্রার্থী হওয়ার ঘোষণা দিয়েছেন।
ব্রাহ্মণবাড়িয়ার রাজনীতিতে একসময় আওয়ামী লীগের আধিপত্য ছিল। ৫ আগস্টের পর দলটির নেতা-কর্মীদের অধিকাংশই আত্মগোপনে। একইভাবে জাতীয় পার্টির (জাপা) সাংগঠনিক কার্যক্রম নেই বললেই চলে। জেলা জাপার সাধারণ সম্পাদক নাসির আহমেদ খান বলেন, নির্বাচন নিয়ে সংশয় আছে। সুষ্ঠু নির্বাচনের আশ্বাস পেলে প্রতিটি আসনে প্রার্থী দেওয়া হবে।
এই আসনটিতে আগে জিততে পারেনি বিএনপি। ১৯৭০ সালের পর আওয়ামী লীগ আটবার, জাপা দুবার, ন্যাপ একবার ও স্বতন্ত্র প্রার্থী দুবার জয়ী হয়েছেন। এবার নাসিরনগর উপজেলা বিএনপির সভাপতি মো. আবদুল হান্নানকে মনোনয়ন দিয়েছে দল।
দলীয় সূত্রে জানা গেছে, বিএনপির প্রার্থী ঘোষণার পর দলের একাংশের মধ্যে অসন্তোষ দেখা দেয়। জেলা বিএনপির সহসভাপতি ও জেলা আইনজীবী সমিতির সভাপতি কামরুজ্জামান মনোনয়নপ্রত্যাশী ছিলেন।
বিএনপির মনোনয়ন পাওয়া আবদুল হান্নান প্রথম আলোকে বলেন, মনোনয়ন না পেয়ে অনেকে অনেক কিছু বলতে পারেন। এতে কোনো প্রভাব ফেলবে না। দিন শেষে তারেক রহমানের ডাকে সবাই মূলস্রোতে ফিরে আসবেন।
বিএনপির শক্ত প্রতিদ্বন্দ্বী হিসেবে মাঠে নিয়মিত সভা-সমাবেশসহ নানা কর্মসূচি করছেন জামায়াতের প্রার্থী এ কে এম আমিনুল ইসলাম। তিনি উপজেলা জামায়াতের আমির। ভোটের মাঠে ইতিবাচক সাড়া পাচ্ছেন বলে দাবি করেছেন তিনি।
এ ছাড়া ইসলামী আন্দোলনের উপজেলা সভাপতি মাওলানা হুসাইন আহমেদ আলী ও বাংলাদেশ খেলাফত মজলিসের মাওলানা সাইদুল্লা বিন আনসারী মাঠে আছেন।
এই আসনে বিএনপি ছয়বার, জাপা তিনবার ও স্বতন্ত্র প্রার্থী একবার জয়ী হয়েছেন। এখানে এখনো প্রার্থী ঘোষণা করেনি বিএনপি। আসনটি শরিকদের ছেড়ে দেওয়ার আলোচনা রয়েছে। পাশাপাশি বিএনপির মনোনয়নপ্রত্যাশীদের মধ্যেও কোন্দল চাঙা। এখানে জামায়াতের কেন্দ্রীয় মজলিশে শুরা সদস্য ও জেলার আমির মোবারক হোসেনকে দলীয় প্রার্থী করা হয়েছে।
দলীয় সূত্রে জানা গেছে, দীর্ঘদিন ধরে এখানে সক্রিয় সংরক্ষিত নারী আসনের সাবেক সংসদ সদস্য ও বিএনপির আন্তর্জাতিক বিষয়ক সহসম্পাদক রুমিন ফারহানা। এ ছাড়া জেলা বিএনপির উপদেষ্টা ও কেন্দ্রীয় কমিটির সদস্য শেখ মো. শামীম, জেলা বিএনপির সদস্য আহসান উদ্দিন খান, বাংলাদেশ হিন্দু বৌদ্ধ খ্রিস্টান কল্যাণ ফ্রন্টের মহাসচিব এস এন তরুণ দে, সরাইল উপজেলা বিএনপির সভাপতি আনিসুল ইসলাম ঠাকুর, সরাইল উপজেলা বিএনপির সাধারণ সম্পাদক নুরুজ্জামান লস্কর, আশুগঞ্জ উপজেলা বিএনপির সভাপতি শাহজাহান সিরাজ দলের মনোনয়নপ্রত্যাশী।
গত শনিবার আশুগঞ্জে শাহজাহান সিরাজকে মনোনয়ন দেওয়ার দাবিতে ঢাকা-সিলেট মহাসড়ক অবরোধ করে বিক্ষোভ করেন তাঁর সমর্থকেরা।
বিএনপির আরেক মনোনয়ন প্রত্যাশী আনিসুল ইসলাম ঠাকুর বলেন, ‘এই আসন বিএনপির ঘাঁটি। আমরা চাই, দল থেকে ধানের শীষ প্রতীকের কাউকে মনোনয়ন দেওয়া হোক।’
এখানে জোটের প্রার্থী হিসেবে হেফাজতে ইসলামের জ্যেষ্ঠ যুগ্ম মহাসচিব জুনাইদ আল হাবিবকে মনোনয়ন দেওয়ার আলোচনা আছে।
আসনটিতে দীর্ঘদিন ধরে গণসংযোগ করছেন জামায়াত নেতা মোবারক হোসেন আকন্দ। এ ছাড়া ইসলামী আন্দোলনের আশুগঞ্জ উপজেলার সহসভাপতি নেছার আহমদ আন-নাছিরী, বাংলাদেশ খেলাফত মসজিসের মাওলানা মনিরুল ইসলাম খন্দকার, সিপিবির সরাইল উপজেলা সভাপতি দেবদাস সিংহ রায় ও এনপিপির কেন্দ্রীয় যুগ্ম আহ্বায়ক আশরাফ মাহদী প্রার্থী হতে পারেন বলে আলোচনায আছেন।
১৯৯১ থেকে ২০০৬ সাল পর্যন্ত আসনটিতে বিএনপি জয় পেয়েছিল। এবার কেন্দ্রীয় অর্থনৈতিক বিষয়ক সম্পাদক ও জেলা বিএনপির সভাপতি খালেদ হোসেন মাহবুবকে (শ্যামল) মনোনয়ন দিয়েছে দল। এই আসনে বিএনপির প্রার্থী নিয়ে অসন্তোষ নেই।
খালেদ হোসেন মাহবুব বলেন, ‘সর্বত্রই এখন ভোটের আমেজ। জনগণ বিএনপিকে সমর্থন দিচ্ছে। ব্রাহ্মণবাড়িয়ার সব আসনে বিএনপি জয়ী হবে।’
জামায়াতে ইসলামী এখানে দলের জেলা শাখার সহকারী সেক্রেটারি মো. জোনায়েদ হাসানকে প্রার্থী করেছে। তিনি বলেন, ‘প্রচারণা চালিয়ে যাচ্ছি। মাঠে দৌড়ঝাঁপ করছি। এখানে প্রতিদ্বন্দ্বিতাপূর্ণ নির্বাচন হবে।’
এ ছাড়া ইসলামী আন্দোলনের জেলার সাধারণ সম্পাদক মাওলানা গাজী নিয়ামুল করিম, এনসিপির দক্ষিণাঞ্চলের মুখ্য সংগঠক ও নির্বাচন পরিচালনা কমিটির কুমিল্লা বিভাগের সমন্বয়ক মো. আতাউল্লাহ এবং জেলার সমন্বয়ক আজিজুর রহমান আলোচনায় আছেন। মো. আতাউল্লাহ বলেন, জেলার প্রতিটি আসন থেকে এনসিপির চার থেকে পাঁচজন দলীয় মনোনয়ন ফরম সংগ্রহ করেছেন। দ্রুত মনোনয়ন চূড়ান্ত করে প্রার্থীদের নাম ঘোষণা করা হবে।
বিএনপি চেয়ারপারসনের উপদেষ্টা মুশফিকুর রহমানকে এই আসনে মনোনয়ন দেওয়ার পর দলের একাংশের মধ্যে অসন্তোষ দেখা দিয়েছে। তারা বিএনপির ভারপ্রাপ্ত চেয়ারম্যান তারেক রহমানের ব্যক্তিগত সহকারী আবদুর রহমানের (সানি) বড় ভাই ও জেলা বিএনপির সদস্য কবির আহমেদকে মনোনয়ন দেওয়ার দাবি জানিয়ে আসছে। মুশফিকুর রহমান প্রথম আলোকে বলেন, ‘প্রার্থী পুনর্বিবেচনার দাবি উঠতেই পারে। তবে আমার মনে হয় না এতে কিছু হবে।’
আসনটিতে জামায়াত ঢাকা মহানগর উত্তরের প্রচার ও মিডিয়া সম্পাদক আতাউর রহমান সরকারকে প্রার্থী করেছে। আতাউর রহমান বলেন, ‘২ জুন থেকে প্রচারণা শুরু করেছি। পরিবর্তনের হাওয়া এখানে পড়েছে। জনগণ নতুন নেতৃত্ব চাচ্ছে।’
এ ছাড়া ইসলামী আন্দোলনের জেলা শাখার উপদেষ্টা মুফতি জসিম উদ্দিন ও বাংলাদেশ খেলাফত মজলিসের মাওলানা কাজী মইনুদ্দীন তৎপর আছেন।
নবীনগর উপজেলা বিএনপির সভাপতি মো. আবদুল মান্নানকে মনোনয়ন দিয়েছে বিএনপি। এতে দলের একাংশের নেতা-কর্মীরা অসন্তুষ্ট। তাঁরা জেলা বিএনপির অর্থনৈতিক বিষয়ক সম্পাদক কাজী নামজুল হোসেনকে মনোনয়ন দেওয়ার দাবিতে নানা কর্মসূচি করছেন। কাজী নাজমুল হোসেন বলেন, ‘দিন শেষে যত কিছুই হোক, ধানের শীষকে জয়ী করার চেষ্টা করতে হবে। দল এখানে প্রার্থী পুনর্বিবেচনা করে এমন একজনকে মনোনয়ন দেবে, যিনি আসনটি তারেক রহমানকে উপহার দিতে পারবেন।’
আবদুল মান্নান বলেন, ‘মান-অভিমান তো থাকতেই পারে। মনোনয়ন পাওয়ার পর বাড়ি বাড়ি গিয়ে মনোনয়নপ্রত্যাশী সবার সঙ্গে দেখা করেছি। সব ঠিক হয়ে যাবে।’
আসনটিতে আইনজীবী আবদুল বাতেনকে প্রার্থী করেছে জামায়াত। এ ছাড়া এনসিপির জেলার সংগঠক এ বি এম কবির আলম, ইসলামী আন্দোলনের প্রেসিডিয়াম সদস্য অধ্যাপক মাহবুবুর রহমান, বাংলাদেশ খেলাফত মজলিসের মাওলানা আবদুল কাইয়ুম ফারুকী, সিপিবির উপজেলা সাধারণ সম্পাদক শাহিন খান ও গণসংহতি আন্দোলনের নাহিদা সাহান মাঠে আছেন।
গণসংহতি আন্দোলনের প্রধান সমন্বয়কারী জোনায়েদ সাকি এই আসনে নির্বাচন করার ঘোষণা দিয়েছেন। এখানে কাউকে প্রার্থী ঘোষণা করেনি বিএনপি। জোট হলে আসনটি সাকিকে ছেড়ে দেওয়ার সম্ভাবনা রয়েছে বলে বিএনপি সূত্রে জানা গেছে।
গুঞ্জন থাকায় স্থানীয় বিএনপিতে কিছু অসন্তোষ আছে। এখানে মনোনয়নপ্রত্যাশী হিসেবে বিএনপির নির্বাহী কমিটির সদস্য ও সাবেক সংসদ সদস্য এম এ খালেক, উপজেলা বিএনপির সভাপতি মেহেদী হাসান, কেন্দ্রীয় কমিটির সদস্য রফিক সিকদার ও জিয়াউদ্দিন, জেলা বিএনপির উপদেষ্টা অবসরপ্রাপ্ত মেজর সাইদুর রহমান উল্লেখযোগ্য।
এম এ খালেক বলেন, ‘জোট থেকে প্রার্থী দিলে কতটুকু সাফল্য পাবে, জানি না। দল এমন সিদ্ধান্ত নিলে মেনে নিতে হবে।’
এ আসনে জামায়াতের প্রার্থী হিসেবে দেওয়ান নকিবুল হুদা, ইসলামী আন্দোলনের উপজেলার সহসভাপতি মোহাম্মদ আলী, বাংলাদেশ খেলাফত মজলিসের মাওলানা আবদুল মজিদ, সিপিবির জেলার সাবেক সভাপতি সৈয়দ মো. জামাল ও এনসিপির উপজেলার প্রধান সমন্বয়ক মো. মাইন উদ্দিন প্রার্থী হবেন বলে আলোচনা আছে।"
কৃষক দলের কেন্দ্রীয় নেতার ইসলামী আন্দোলনে যোগদান,"জামালপুরের কৃষক দলের কেন্দ্রীয় নেতা মো. দৌলতুজ্জামান আনসারী ইসলামী আন্দোলন বাংলাদেশে যোগ দিয়েছেন। আজ বুধবার বিকেলে ইসলামী আন্দোলনের আমির মুফতি সৈয়দ মোহাম্মদ রেজাউল করীমের সঙ্গে দেখা করে দলটিতে যোগ দেন।
মো. দৌলতুজ্জামান কৃষক দলের কেন্দ্রীয় কমিটির সহসভাপতি ছিলেন। তাঁর বাড়ি জামালপুরের মেলান্দহ উপজেলার ঘোষেরপাড়া ইউনিয়নের ছবিলাপুর এলাকায়। এর আগে গতকাল মঙ্গলবার রাতে কৃষক দল থেকে ব্যক্তিগত কারণ দেখিয়ে পদত্যাগ করেন।
স্থানীয় সূত্রে জানা গেছে, দৌলতুজ্জামান জামালপুর-৩ (মেলান্দহ-মাদারগঞ্জ) আসন থেকে বিএনপির মনোনয়নপ্রত্যাশী ছিলেন। এলাকার বিভিন্ন স্থানে পোস্টারও লাগিয়েছিলেন। হঠাৎ গতকাল তিনি কৃষক দলের কেন্দ্রীয় কমিটির সহসভাপতি পদ থেকে পদত্যাগ করেন। তখন এলাকার কেউ তাঁর পদত্যাগের কারণ বুঝতে পারেননি। আজ সন্ধ্যার পর তাঁর ইসলামী আন্দোলন বাংলাদেশে যোগ দেওয়ার খবর জানতে পারেন সবাই।
মেলান্দহ উপজেলা বিএনপির সাধারণ সম্পাদক মঞ্জুরুল কবীর বলেন, বিষয়টি তিনি শুনেছেন। তাঁর পদত্যাগ বিএনপির রাজনীতি বা আগামী জাতীয় সংসদ নির্বাচনে কোনো প্রভাব ফেলবে না।
এ ব্যাপারে কথা বলার জন্য মো. দৌলতুজ্জামানের মুঠোফোনে একাধিকবার ফোন করা হয়। কিন্তু তাঁর ফোনটি বন্ধ পাওয়া যায়।
ইসলামী আন্দোলন বাংলাদেশ জামালপুর জেলা শাখার সভাপতি মুফতি মোস্তফা কামাল বলেন, ‘আমাদের দলে যোগদানের বিষয়টি নিয়ে তিন থেকে চার মাস থেকে দৌলতুজ্জামানের সঙ্গে আলোচনা চলছিল। আজই তিনি আনুষ্ঠানিকভাবে আমাদের দলে যোগদান করেন।’"
অর্থ আত্মসাতে ‘আওয়ামী লীগ-বিএনপি’ জোট,"রাজধানীর আগারগাঁও বাজার বণিক সমবায় সমিতির বৈদ্যুতিক সংযোগের হিসাব নম্বর-১৭০০৪৯৯০ অনুযায়ী ২০২৩-২৪ অর্থবছরে ১৬ লাখ ৫৯ হাজার ৮২৭ টাকার বিদ্যুৎ বিল পরিশোধ করা হয়েছে।
কিন্তু সমিতির ব্যবস্থাপনা কমিটি ওই অর্থবছরে বিদ্যুৎ বিল বাবদ ১৮ লাখ ৫৬ হাজার ৩৭৯ টাকা ব্যয় দেখিয়েছে। যা প্রকৃত পরিশোধের চেয়ে প্রায় দুই লাখ টাকা বেশি। সমিতির সদস্যদের অভিযোগ, অতিরিক্ত বিল দেখিয়ে কমিটির নেতারা ওই টাকা আত্মসাৎ করেছেন।
বিদ্যুৎ বিলের বাইরে নেতারা কুলখানি ও মিলাদ, আপ্যায়ন, প্রশাসনিক খরচ, অনুদান, সম্মানী ভাতা, মামলার খরচ, বিদ্যুতের মালামাল ক্রয় ও যাতায়াত বাবদ ব্যয় দেখিয়ে গত দুই অর্থবছরে অন্তত দেড় কোটি টাকা আত্মসাৎ করেছেন। এ মর্মে সমিতির সদস্যরা জেলা সমবায় কর্মকর্তার কাছে লিখিত অভিযোগও দিয়েছেন। অনেক খাতে টাকা ব্যয় দেখানো হয়েছে, যেখানে সমিতির ব্যয়ের সুযোগ নেই এবং সদস্যদের অনুমোদনও নেওয়া হয়নি।
সমিতির সদস্য রবিউল ইসলাম বলেন, বর্তমান কমিটির নেতারা ফ্যাসিস্ট সরকারের সময় থেকেই সাধারণ সদস্যদের টাকা আত্মসাৎ করছেন। প্রতিবাদ করলে সদস্যপদ বাতিল ও নানাভাবে অত্যাচার করা হয়। অতীতে এর মূলে ছিলেন কার্যক্রম নিষিদ্ধ আওয়ামী লীগপন্থী নেতারা। বর্তমানে বিএনপিপন্থী নেতারা সক্রিয় এবং আওয়ামীপন্থীদের যোগসাজশে টাকা আত্মসাৎ চলছে।
২০২৩ সালের এপ্রিল থেকে সমিতির মার্কেট ভবনের নির্মাণকাজ চলছে নূরানী কনস্ট্রাকশন লিমিটেডের মাধ্যমে। ঠিকাদার প্রতিষ্ঠানের এক কর্মকর্তা জানান, প্রতিটি দোকানের আকার প্রায় ৭০ বর্গফুট বা তার বেশি। কিছু দোকান একত্রে বড় আকারে তৈরি হচ্ছে। নকশা অনুযায়ী, দুটি বেজমেন্টসহ ভবনটি ১৩ তলার। বেজমেন্ট-২–এ পার্কিং, বেজমেন্ট-১–এ কাঁচাবাজার এবং নিচতলা থেকে দোকান থাকবে। মোট সদস্যসংখ্যা ১ হাজার ৪৫৫টির বাইরে আরও অর্ধশত দোকান তৈরি হবে।
২০২৩-২৪ অর্থবছরে অতিরিক্ত প্রায় দুই লাখ টাকা বিদ্যুৎ বিলের বিষয়ে জানতে চাইলে সমিতির সভাপতি এ বি এম নুরুল হক চৌধুরী প্রথম আলোকে বলেন, বিদ্যুৎ বিল বেশি দেখানোর সুযোগ নেই। কোনো কারণে অতিরিক্ত খরচ হলে তা সাপ্লিমেন্টারি হিসেবে দেখানো হয়েছে। বার্ষিক সাধারণ সভায় (এজিএম) যার অনুমোদন নেওয়া হয়েছে। তাঁর পাল্টা অভিযোগ, সমিতির চার সদস্যের একটি চক্র বিভিন্ন জায়গায় তাঁদের বিরুদ্ধে অভিযোগ করছেন।
সাধারণ সদস্যদের টাকা আত্মসাতে আওয়ামী লীগ ও বিএনপির নেতাদের যোগসাজশ রয়েছে বলে অভিযোগ করেছেন সমিতির সদস্যরা। অতীতে কমিটিতে থাকা আওয়ামী লীগের পদধারী নেতারা নিজেদের প্রভাব খাটিয়ে সদস্যদের টাকা আত্মসাৎ করতেন। এখন এ কাজে তাঁদের প্রশ্রয় দিচ্ছেন, যোগসাজশ করছেন কমিটিতে থাকা বিএনপিপন্থী নেতারা। ফলে পটপরিবর্তনের পর সদস্যরা এসব নিয়ে প্রতিবাদ করেও কোনো প্রতিকার পাচ্ছেন না।
বাজারের বর্তমান কমিটি নেতারা ২০২৩ সালের মার্চে নির্বাচিত হয়েছেন। ওই সময় ঢাকা-১৩ আসনের সাবেক সংসদ সদস্য ও আওয়ামী লীগের সভাপতিমণ্ডলীর সদস্য জাহাঙ্গীর কবির নানক, ২৮ নম্বর ওয়ার্ডের কাউন্সিলর ফোরকান হোসেন এবং থানা স্বেচ্ছাসেবক লীগের সাধারণ সম্পাদক মাসফিকুর রহমানের (উজ্জ্বল) প্রভাব ছিল। তাঁদের প্রভাবে সমিতির সভাপতি নির্বাচিত হন এ বি এম নুরুল হক চৌধুরী, যিনি শেরেবাংলা নগর থানা আওয়ামী লীগের কোষাধ্যক্ষ। সাধারণ সম্পাদক আব্দুন নুর-শাহী এবং অভ্যন্তরীণ নিরীক্ষক মামুন হোসেন ছিলেন থানা কমিটির সদস্য।
৫ আগস্ট আওয়ামী লীগের পতনের পর কমিটিতে থাকা বিএনপিপন্থী নেতারা সক্রিয় হন। এখন নেতৃত্ব দিচ্ছেন সহসভাপতি মো. নুরুজ্জামান। তাঁর ছেলে মো. মনিরুজ্জামান ২৭ নম্বর ওয়ার্ড বিএনপির শেরেবাংলা নগর ইউনিটের সাধারণ সম্পাদক। আছেন শেরেবাংলা নগর থানা বিএনপির আহ্বায়ক সদস্য সমিতির পরিচালক শাহ আলম। বিএনপিপন্থী আরও তিন পরিচালক—শাহাদাত হোসেন, আতাউল কবির ও আবু সাঈদও রয়েছেন।
প্রশ্রয় ও যোগসাজশের অভিযোগ অস্বীকার করছেন থানা বিএনপির আহ্বায়ক সদস্য পরিচালক শাহ আলম। তিনি বলেছেন, গত ১৬ বছর এতটাই নির্যাতিত হয়েছেন যে তিনি দেশেও থাকতে পারেননি। তাঁদের কাউকে আশ্রয়-প্রশ্রয় দেননি, দেবেন না। অর্থ আত্মসাতের অভিযোগে তাঁর কোনো সংশ্লিষ্টতা নেই বলে দাবি করেন তিনি।
শেরেবাংলা নগর থানা আওয়ামী লীগের কোষাধ্যক্ষ পদে থাকার বিষয়ে সমিতির সভাপতি এ বি এম নুরুল হক চৌধুরী বলেন, বাজারের স্বার্থে তৎকালীন সরকারের সঙ্গে লিয়াজোঁ রাখতেই ওই পদ গ্রহণ করেছিলেন। নির্বাচনে তাঁর বিপরীতে আওয়ামী লীগের প্রভাবশালী প্রার্থী থাকায় সংসদ সদস্য জাহাঙ্গীর কবির নানকের সহযোগিতায় কোষাধ্যক্ষ পদে ছিলেন।
বর্তমান ব্যবস্থাপনা কমিটির নেতারা কুলখানি, মিলাদ মাহফিল ও অনুদান বাবদ সমিতির টাকার ব্যয় দেখিয়েছেন। ২০২৩-২৪ অর্থবছরে ওই খাতে ৬ লাখ ৩৩ হাজার টাকা ব্যয় দেখানো হয়েছে। আর ২০২৪-২৫ অর্থবছরের প্রস্তাবিত বাজেটে এ খাতে বরাদ্দ রাখা হয়েছে ১৩ লাখ টাকা। ২০২৩-২৪ অর্থবছরে সমিতি থেকে অনুদান দেওয়া হয় প্রায় সাড়ে তিন লাখ টাকা। আর ২০২৪-২৫–এ খাতে বরাদ্দ ছিল ছয় লাখ টাকা।
সদস্যদের অভিযোগ, অতীতে সমিতি থেকে কারও কুলখানির আয়োজন করা হয়েছে বলে সদস্যরা কেউ জানেন না। এ ছাড়া কুলখানি আয়োজন করবেন মৃত ব্যক্তির পরিবার, স্বজন ও সন্তানেরা। কোনো মিলাদ মাহফিলের বিষয়েও সদস্যরা জানেন না। মিলাদ-কুলখানিতে অর্থ ব্যয়ের জন্য সদস্যরা অনুমোদনও দেননি। তাই ওই সব খাতে সদস্যদের আমানতের টাকা ব্যয়ের সুযোগ নেই। সদস্যদের টাকা আত্মসাৎ করেই ওই তিন খাতে ব্যয় দেখিয়েছেন সমিতির নেতারা।
অভিযোগকারী আরেক সদস্য ইসফাকুল কবির চৌধুরী প্রথম আলোকে বলেন, কমিটির নেতারা সদস্যদের উপস্থিতির স্বাক্ষরকে প্রস্তাব অনুমোদনের স্বাক্ষর দেখিয়ে ভুয়া প্রতিবেদন দিয়েছেন। আসলে অধিকাংশ সদস্য আত্মসাতের বাজেট সমর্থন করেননি।
সদস্যদের অভিযোগ, ব্যবস্থাপনা কমিটির নেতারা ছয় খাতে অস্বাভাবিক ব্যয় দেখিয়েছেন। খাতগুলো হলো আপ্যায়ন, প্রশাসনিক, সম্মানী ভাতা, মজুরি, মামলা পরিচালনা ও যাতায়াত। ২০২৩-২৪ অর্থবছরে এসব খাতে ব্যয় দেখানো হয়েছে প্রায় ২২ লাখ টাকা। এর মধ্যে সম্মানী ভাতায় ৬ লাখ ৯৪ হাজার, আপ্যায়নে ৬ লাখ ৩৬ হাজার এবং প্রশাসনিক খরচে ৫ লাখ ২২ হাজার টাকা। কর্মচারীদের নিয়মিত বেতন-বোনাস দেওয়ার পরও আলাদা করে মজুরি বাবদ দেড় লাখ ও যাতায়াতে ১ লাখ ২২ হাজার টাকা দেখানো হয়েছে। অথচ সমিতির কাজের প্রয়োজনে সর্বোচ্চ এক-দুই কিলোমিটার দূরের সংশ্লিষ্ট সমবায় কিংবা গণপূর্তের কার্যালয়ে যাওয়া লাগে।
অভিযোগকারীরা বলেন, ২০২৩ সালের এপ্রিল থেকে নতুন মার্কেট ভবনের নির্মাণকাজ শুরুর পর সব দায়িত্ব গণপূর্ত ও ঠিকাদার প্রতিষ্ঠানের। সদস্যরা কিস্তিতে সেই টাকা পরিশোধ করছেন। তাই আপ্যায়ন কিংবা প্রশাসনিক খরচ ঠিকাদারের বহন করার কথা। এসব খাতে দেখানো বিপুল ব্যয় মূলত আত্মসাৎ করা হয়েছে। ২০২৪-২৫ অর্থবছরের প্রস্তাবিত বাজেটে ওই ছয় খাতে আগের তুলনায় প্রায় তিন গুণ বেশি, অর্থাৎ ৫৭ লাখ টাকা বরাদ্দ রাখা হয়েছে। এর মধ্যে সম্মানী ভাতায় ২০ লাখ এবং আপ্যায়ন ও মামলা খরচে ১০ লাখ করে বরাদ্দ রাখা হয়েছে।
সদস্যদের অভিযোগের তদন্ত প্রতিবেদন ৬ অক্টোবর দেওয়ার কথা ছিল। দায়িত্বপ্রাপ্ত ঢাকা জেলা সমবায় কার্যালয়ের পরিদর্শক জাহাঙ্গীর কবির জানান, তাঁর অসুস্থতার কারণে আরেকজন কর্মকর্তা কাজটি করেছিলেন। পরবর্তী সময়ে ওই কর্মকর্তাকে দায়িত্ব থেকে সরানো হলে তিনি নতুনভাবে কাজ শুরু করেছেন। সমিতির ব্যবস্থাপনা কমিটির কাছে আয়-ব্যয়ের সব তথ্য চাওয়া হয়েছে। তথ্য পেলে সেগুলো যাচাই করে প্রতিবেদন দেওয়া হবে।
ঢাকা জেলার সমবায় কর্মকর্তা এইচ এম সহিদ-উজ-জামান প্রথম আলোকে বলেন, অভিযোগের বিষয়ে তদন্তের জন্য কর্মকর্তা নিয়োগ করা হয়েছে। প্রথম নিয়োগ করা কর্মকর্তাকে নিয়ে তাঁদের আপত্তির কারণে অন্য একজনকে দায়িত্ব দেওয়া হয়েছে।"
"লক্ষ্মীপুরের চারটি আসনই পুনরুদ্ধার করতে চায় বিএনপি, নতুন মুখ নিয়ে মাঠে জামায়াত","লক্ষ্মীপুর বিএনপি–প্রভাবিত এলাকা হিসেবে পরিচিত। দলটি ২০০১ ও ২০০৮ সালের নির্বাচনে জেলার চারটি আসনেই জিতেছিল। ২০১৪ সালে বিএনপিসহ বিরোধী দলগুলো নির্বাচন বর্জন করে। একতরফা ওই নির্বাচনে সব আসন আওয়ামী লীগের দখলে চলে যায়। এবার সেটা ফিরে পেতে তৎপর বিএনপি।
চারটি আসনের মধ্যে দুটিতে ইতিমধ্যে প্রার্থী ঘোষণা করেছে বিএনপি। একটিতে বিএনপির যুগ্ম মহাসচিব শহীদ উদ্দীন চৌধুরী এ্যানি, অন্যটিতে দলের চেয়ারপারসনের উপদেষ্টা আবুল খায়ের ভূঁইয়া। বাকি দুই আসন জোটসঙ্গীদের জন্য রাখা হয়েছে বলে আলোচনা রয়েছে। এই ব্যাপারে শিগগির সিদ্ধান্ত আসতে পারে বলে বিএনপির কেন্দ্রীয় সূত্র থেকে জানা গেছে।
অন্যদিকে জামায়াতে ইসলামী আগেই সব আসনে প্রার্থী ঘোষণা করেছে। এ জেলা থেকে সংসদ নির্বাচনে আগে কখনো জামায়াত জেতেনি। জামায়াতের প্রার্থীরা সবাই নতুন মুখ। তাঁরা কয়েক মাস ধরেই এলাকায় প্রচার চালাচ্ছেন।
তবে এ জেলা থেকে জামায়াতের কেউ কখনো সংসদ সদস্য হননি। ১৯৭৯ সালের দ্বিতীয় জাতীয় সংসদ নির্বাচনে জামায়াতে ইসলামীর নেতা মাস্টার শফিক উল্লাহ ইসলামিক ডেমোক্রেটিক লীগের প্রার্থী হিসেবে তৎকালীন নোয়াখালী-১২ আসন (বর্তমান লক্ষ্মীপুর-৩) থেকে নির্বাচিত হয়েছিলেন। পরে তিনি ১৯৯১ সালের নির্বাচনে লক্ষ্মীপুর-৩ আসনে জামায়াতের প্রার্থী হিসেবে নির্বাচন করলেও জিততে পারেননি।
লক্ষ্মীপুর-১ (রামগঞ্জ)
এ আসনে বিএনপি এখনো প্রার্থীর নাম ঘোষণা করেনি। ২০১৮ সালে এ আসনে মনোনয়ন পেয়েছিলেন বিএনপির জোটসঙ্গী বাংলাদেশ লিবারেল ডেমোক্রেটিক পার্টির (এলডিপি) চেয়ারম্যান শাহাদাত হোসেন সেলিম। তিনি এবারও এ আসন থেকে মনোনয়ন চান। তিনি আরও আগে থেকেই নির্বাচনী মাঠে সক্রিয় রয়েছেন।
শাহাদাত হোসেন সেলিমপ্রথম আলোকে বলেন, ‘আমি দীর্ঘদিন বিএনপি ও জোটের নেতা-কর্মীদের সঙ্গে মাঠে আছি। রামগঞ্জের মানুষ আমাকে চেনে, জানে, আমি তাদের জন্য কাজ করেছি। তাই এবারও আশা করছি, বিএনপি জোট আমাকে মনোনয়ন দেবে।’
তবে এ আসনে বিএনপির মনোনয়নপ্রত্যাশী হিসেবে রয়েছেন দলটির ঢাকা মহানগর দক্ষিণের যুগ্ম আহ্বায়ক হারুনুর রশিদ, রামগঞ্জ উপজেলার বর্তমান সভাপতি মোজাম্মেল হোসেন, সাবেক সভাপতি শাহাব উদ্দিন, সাবেক প্রতিমন্ত্রী জিয়াউল হকের ছেলে মাশফিকুল হক ও যুবদলের কেন্দ্রীয় কমিটির সাবেক সহসভাপতি মো. ইমাম হোসেন।
তবে বিএনপির চট্টগ্রাম বিভাগীয় সাংগঠনিক সম্পাদক মাহবুবুর রহমান শামীম গত রাতেপ্রথম আলোকে বলেন, ‘লক্ষ্মীপুর–১ আসনে শাহাদাত হোসেন সেলিম ধানের শীষ প্রতীকে নির্বাচন করবেন। এটি বিএনপির ভারপ্রাপ্ত চেয়ারম্যান আমাকে নিশ্চিত করেছেন।’
এ আসন থেকে জামায়াতের মনোনয়ন পেয়েছেন দলের রামগঞ্জ উপজেলা আমির নাজমুল হাসান পাটওয়ারী। তিনিপ্রথম আলোকে বলেন, ‘রামগঞ্জের মানুষ পরিবর্তন চায়, শান্তি ও সুশাসন চায়। আমি তৃণমূলের কর্মীদের সঙ্গে নিয়ে সেই লক্ষ্যে কাজ করছি।’
আবার এ আসনে অন্তর্বর্তী সরকারের তথ্য উপদেষ্টা মাহফুজ আলম প্রার্থী হতে পারেন, এমন আলোচনা অনেক দিন ধরে রয়েছে। তাঁর ভাই ও এনসিপির যুগ্ম আহ্বায়ক মাহবুব আলমও এলাকায় সক্রিয় রয়েছেন।
মাহবুব আলমপ্রথম আলোকে বলেন, তাঁর ভাই মাহফুজ আলম যদি সরকার থেকে পদত্যাগ করেন, তাহলে তাঁর নির্বাচন করার সম্ভাবনা রয়েছে। তা না হলে মাহবুব আলম নিজে এনসিপি থেকে নির্বাচন করতে চান। এ বিষয়ে এখনো চূড়ান্ত সিদ্ধান্ত হয়নি।
লক্ষ্মীপুর-২ (রায়পুর ও সদরের আংশিক)
লক্ষ্মীপুর-২ আসনে দলীয় কোন্দল এড়াতে ১৯৯৬ ও ২০০১ সালে নির্বাচন করেছেন বিএনপির চেয়ারপারসন খালেদা জিয়া। এবার এখানে বিএনপির মনোনয়ন পেয়েছেন আবুল খায়ের ভূঁইয়া। তিনি বিএনপির চেয়ারপারসনের উপদেষ্টা পরিষদের সদস্য।
আবুল খায়ের ভূঁইয়াপ্রথম আলোকে বলেন, ‘এই আসন বিএনপির ঘাঁটি। তৃণমূলের ঐক্য ও জনগণের সমর্থন থাকলে আমরা অবশ্যই জয়ী হব।’
এখানে জামায়াতে ইসলামীর প্রার্থী দলটির জেলা আমির এম রুহুল আমিন ভূঁইয়া। নির্বাচন সামনে রেখে তিনি ও দলের নেতা-কর্মীরা সাংগঠনিক ও সামাজিক কর্মকাণ্ড বাড়িয়েছেন।
রুহুল আমিন ভূঁইয়াপ্রথম আলোকে বলেন, ‘এ আসনে এবার বিএনপির জন্য বড় ফ্যাক্টর হয়ে দাঁড়িয়েছে জামায়াতে ইসলামী।’
লক্ষ্মীপুর-৩ (সদরের একাংশ)
বিএনপির যুগ্ম মহাসচিব শহীদ উদ্দীন চৌধুরী এ্যানি এই আসনে দলীয় প্রার্থী। চারটি আসনের মধ্যে এটিতেই বিএনপির সাংগঠনিক অবস্থান সবচেয়ে শক্তিশালী বলে মনে করা হয়। ছাত্রদলের সাবেক কেন্দ্রীয় সভাপতি শহীদ উদ্দীন চৌধুরী এর আগেও দুবার সংসদ সদস্য নির্বাচিত হয়েছেন।
শহীদ উদ্দীন চৌধুরী এ্যানিপ্রথম আলোকে বলেন, ‘লক্ষ্মীপুর আমার জন্মভূমি, আমার রাজনীতির মাটি। জনগণের ভোটেই আমি দুবার সংসদ সদস্য হয়েছি, এবারও বিশ্বাস করি, মানুষ আবার বিএনপিকে বিজয়ী করবে।’
এখানে জামায়াতে ইসলামীর মনোনয়ন পেয়েছেন দলের কেন্দ্রীয় কর্মপরিষদের সদস্য ও ঢাকা মহানগর উত্তরের সেক্রেটারি রেজাউল করিম। তিনি ইসলামী ছাত্রশিবিরের সাবেক কেন্দ্রীয় সভাপতি।
রেজাউল করিমপ্রথম আলোকে বলেন, ‘লক্ষ্মীপুরের জনগণ পরিবর্তন চায়। একটি সৎ, ন্যায়ভিত্তিক ও কল্যাণমুখী সমাজ চায়। সেই লক্ষ্য নিয়েই আমরা মাঠে নেমেছি।’
এ আসনে গণ অধিকার পরিষদের লক্ষ্মীপুর জেলা কমিটির সভাপতি নুর মোহাম্মদ সক্রিয় রয়েছেন।
লক্ষ্মীপুর-৪ (রামগতি ও কমলনগর)
বিএনপি এ আসনে এখনো প্রার্থী চূড়ান্ত করেনি। আসনটি বিএনপির জোটসঙ্গী জাতীয় সমাজতান্ত্রিক দলকে (জেএসডি) ছাড়া হতে পারে, এমন গুঞ্জন রয়েছে।
দলটির প্রধান আ স ম আবদুর রব এই আসন থেকে সর্বশেষ ১৯৯৬ সালে সংসদ সদস্য হন। এরপর ২০০১ ও ২০০৮ সালে নির্বাচিত হন বিএনপির সহশিল্প ও বাণিজ্যবিষয়ক সম্পাদক এ বি এম আশরাফ উদ্দিন নিজান। তিনি এবারও বিএনপির মনোনয়নপ্রত্যাশী।
অপর দিকে আ স ম রবের স্ত্রী তানিয়া রব এবার জেএসডি থেকে বিএনপি জোটের প্রার্থী হতে চান। তিনিপ্রথম আলোকে বলেন, ‘আ স ম আবদুর রব অসুস্থ, কিন্তু তাঁর আদর্শ ও লড়াই এখানকার মানুষ বুকে ধারণ করে রেখেছেন। আমি সেই আদর্শের উত্তরাধিকার হিসেবে জনগণের পাশে থাকতে চাই।’
তবে জোটের জন্য আসন ছাড়তে নারাজ বিএনপির নেতা এ বি এম আশরাফ উদ্দিন নিজান। তিনিপ্রথম আলোকে বলেন, ‘আমি দুবার এই এলাকার জনগণের ভোটে নির্বাচিত হয়েছি। ভালোমন্দ সময়ে মানুষের পাশে ছিলাম, উন্নয়ন করেছি আন্তরিকভাবে। এখন যদি জোটগত কারণে অন্য কাউকে প্রাধান্য দেওয়া হয়, আমি জনগণের সেবা থেকে সরে দাঁড়াব না।’
আসনটিতে জামায়াতের প্রার্থী এ আর হাফিজ উল্যা। তিনি দলের জেলা সেক্রেটারি। তিনিপ্রথম আলোকে বলেন, ‘রামগতি ও কমলনগরের মানুষ অনেক অবহেলিত। জনগণের দোয়া ও সমর্থন নিয়ে এই অবহেলার রাজনীতি থেকে মুক্তি দিতে চাই।’
এ ছাড়া এই আসনে ইসলামী আন্দোলনের উপদেষ্টা খালেদ সাইফুল্লাহ, গণ অধিকার পরিষদের ছাত্রবিষয়ক সম্পাদক রেদোয়ান উল্যা খান, এবি পার্টির প্রার্থী মিয়া আরিফ সুলতান সক্রিয় রয়েছেন।"
"জামায়াতের টিকিট কাটলে জান্নাতের টিকিট কাটা হবে, কোথায় আছে বলুক তারা: মির্জা ফখরুল","বিএনপির মহাসচিব মির্জা ফখরুল ইসলাম আলমগীর বলেছেন, ‘জামায়াতের টিকিট (ভোট) কাটলে জান্নাতের টিকিট কাটা হবে। কোথায় আছে আমাকে বলুক তারা, দেখিয়ে দিক কোথায় আছে।’
আজ শনিবার দুপুরে রাজধানীর কাকরাইলে ডিপ্লোমা ইঞ্জিনিয়ার্স ইনস্টিটিউশনের মাল্টিপারপাস হলে এক আলোচনা সভায় প্রধান অতিথির বক্তব্য মির্জা ফখরুল ইসলাম আলমগীর এ কথাগুলো বলেন।
ধর্মকে ব্যবহার করে রাজনৈতিক ফায়দা নিয়ে নেওয়ার কথা ইসলাম সমর্থন করে না বলে জানান ফখরুল। তিনি বলেন, ‘এই কথাগুলো আমি এ জন্যই বলছি, যে এগুলো সমস্যা হয়ে দাঁড়িয়েছে। কথাগুলো বলছে সবাই। এই কথাগুলো আজকে জনগণের সামনে আসা উচিত। বেশি করে আসা উচিত।’
‘ইসলামিক ফাউন্ডেশন পরিচালিত নৈতিকতা ও ধর্মীয় মূল্যবোধ উন্নয়নে মসজিদভিত্তিক শিশু ও গণশিক্ষার কেয়ারটেকারগণের দেশ ও জাতি গঠনে অগ্রণী ভূমিকা’ শীর্ষক আলোচনা সভায় বিএনপি নেতা এ কথাগুলো বলেন। আলোচনা সভার আয়োজন করে মসজিদভিত্তিক উপানুষ্ঠানিক শিক্ষক কার্যক্রম (মউশিক) কেয়ারটেকার কল্যাণ পরিষদ।
আলোচনা সভায় জামায়াতকে ইঙ্গিত করে মির্জা ফখরুল ইসলাম আলমগীর বলেন, ‘এই মহলটি রাজনৈতিক অঙ্গনে দাঁড়াতে পারছিল না। জিয়াউর রহমান সাহেব তাদের সুযোগ করে দেন রাজনৈতিক অঙ্গনে আসার। (স্বাধীনতার পরে) তারা প্রথমে আইডিএল (ইসলামিক ডেমোক্রেটিক লীগ) নামে এসেছিল। তারপরে তারা বিএনপির সঙ্গে কাজ করেছে। বিএনপিও তাদের নিয়ে কাজ করেছে। কিন্তু দুর্ভাগ্যক্রমে গত ১০ বছর তাদের ফ্যাসিস্ট হাসিনাকে পরাজিত করার জন্য দৃশ্যমান কোনো কাজ দেখা যায়নি।’
ফখরুল আরও বলেন, ‘ ডাকসু নির্বাচনে শুনতে পাই ছাত্রলীগের মধ্যে তারা ঢুকেছিল। শুনেছি কিন্তু জানা নাই আমার। অর্থাৎ ছাত্রলীগ সেজে তারা সেখানে ছিল। এই ধরনের কাজ তো আমরা করতে পারি না। আমরা সরাসরি সামনাসামনি লড়াই করেছি। আমাদের ৬০ লাখ মানুষের বিরুদ্ধে মিথ্যা মামলা দেওয়া হয়েছে। আমাদের ২০ হাজার লোককে হত্যা করা হয়েছে। প্রায় ১৭০০ মানুষকে নেতা, আমাদের এমপিসহ গুম করে দেওয়া হয়েছে। আমরা ২০০, ৩০০, ৪০০ মামলা নিয়ে আছি।’
খালেদা জিয়াকে ছয় বছর কারাগারে রাখা হয়েছে, দলের ভারপ্রাপ্ত চেয়ারম্যান তারেক রহমান এখন পর্যন্ত দেশে ফিরতে পারেনি বলে উল্লেখ করেন ফখরুল। তিনি বলেন, ‘ছেলেরা জীবন দিয়েছে, সবার ত্যাগের কারণে একটা সুযোগ এসেছে। এখন সবাই মিলে ঐক্যবদ্ধ হয়ে যেন সুন্দর, সুষ্ঠু গ্রহণযোগ্য নির্বাচন করে একটা গণতান্ত্রিক সরকার গঠন করা যায়, সেই চেষ্টা করতে হবে।’
পিআর (সংখ্যানুপাতিক প্রতিনিধিত্ব) দিতে হবে বলে একটা রাজনৈতিক দল চিৎকার করে যাচ্ছে বলে মন্তব্য করেন বিএনপির এই নেতা। তিনি বলেন, ‘তারা বলছে, পিআর না হলে নির্বাচন হবে না। অনেক হুংকারও দিয়েছে। এখন আবার সুর নরম হয়ে গেছে। এখন দেখা যাচ্ছে নির্বাচনের জন্য চতুর্দিকে দৌড়ঝাঁপ চলছে। এগুলো ঠিক নয়। মানুষকে যেটা বলা হবে, সেদিকেই সঠিকভাবে যাওয়া উচিত।’
মির্জা ফখরুল বলেন, ‘আওয়ামী লীগ আমলে মসজিদে খুতবায় কি পড়া হবে, তা কাগজে লিখে পাঠানো হতো। এটা ভেবে আরও দুঃখ হয়, এ দেশেরই কিছু আলেম শেখ হাসিনার সঙ্গে মিটিং করে তাকে “কওমি জননী” উপাধি দিয়েছে।’
একটা ফ্যাসিস্ট শক্তি দলীয় লোক বসিয়ে দেশের সব প্রতিষ্ঠান নষ্ট করে দিয়েছে উল্লেখ করে মির্জা ফখরুল বলেন, ইসলামিক ফাউন্ডেশন একটা মর্যাদাশীল, ঐতিহ্যবাহী প্রতিষ্ঠান। সেখানে যদি দলীয় লোককে বসানো হয়, যারা বাইরে ইসলামের কথা বলে কিন্তু মুখে ইসলাম বিশ্বাসই করে না, তাহলে সেটি সঠিকভাবে চলবে না। কোন দেশে জাতীয় মসজিদের খতিব পটপরিবর্তনের সঙ্গে সঙ্গে পালিয়ে যায়। এটি প্রমাণ করে নিয়োগটা রাজনৈতিকভাবে হয়েছে।
ঐকমত্য কমিশন যে পিআর পদ্ধতির কথা বলেছে সেটি সাধারণ মানুষ ঠিকমতো বুঝে না বলেন ফখরুল। তিনি বলেন, ‘বাংলাদেশের মানুষ বোঝে ওয়ান ম্যান ওয়ান ভোট। একজন ব্যক্তি দাঁড়াবে, তার মার্কা থাকবে। যে মার্কায় আমি ভোট দেব, তাই তো? এটাই আমরা সব সময় সেই আদিকাল থেকে দেখে আসছি। এখন আপনি এটাকে পরিবর্তন করবেন তার জন্য আবার গণভোট করবেন। গণভোটে থাকবে “হ্যাঁ”, “না”। এখন গণভোটে নাকি চারটা প্রশ্ন থাকবে। চারটা প্রশ্ন একটা গণভোটের ব্যালটে এটা মানুষ কিছু এখন পর্যন্ত বুঝতেই পারছে না। শেষ দিন পর্যন্ত বুঝতেও পারবে না।’
আলোচনা সভায় সভাপতিত্ব করেন ইসলামিক ফাউন্ডেশনের বোর্ড অফ  গভর্নরসের গভর্নর মাওলানা শাহ্ মো. নেছারুল হক। সঞ্চালনা করেন মসজিদভিত্তিক উপানুষ্ঠানিক শিক্ষক কার্যক্রম (মউশিক) কেয়ারটেকার কল্যাণ পরিষদের সভাপতি মো. জবাইদুর রহমান ও সাধারণ সম্পাদক মাহফুজুর রহমান।
সভায় আরও বক্তব্য দেন ইসলামিক ফাউন্ডেশনের পরিচালক (অব.) মুহাম্মদ রফিক উল ইসলাম, শরীয়তপুর জেলা বিএনপির সভাপতি সফিকুর রহমান কিরণ, ঢাকার রেসিডেন্সিয়াল মডেল কলেজ মসজিদের খতিব মাওলানা মোহাম্মদ মহিউদ্দিন প্রমুখ।"
জামায়াত আমার বিরুদ্ধে শত শত কোটি টাকা খরচ করেছে: বিএনপি নেতা ফজলুর,"কিশোরগঞ্জ-৪ (ইটনা-মিঠামইন-অষ্টগ্রাম) আসনে দলীয় মনোনয়ন পাওয়া বিএনপির আলোচিত নেতা ফজলুর রহমান বলেছেন, ‘অনেকে বলেছিল, আমি নাকি মনোনয়ন পাব না। আপনারাও শঙ্কার মধ্যে ছিলেন। আমি আজকে বলতে চাই, জামায়াত শত শত কোটি টাকা খরচ করেছে আমার বিরুদ্ধে। চেষ্টা করেছিল দল থেকে আমাকে একেবারে বহিষ্কার করে দেওয়ার জন্য।’
আজ রোববার দুপুরে ইটনা উপজেলা বিএনপির কর্মী সম্মেলনে তিনি এসব কথা বলেন। ইটনা ডাকবাংলোর সামনে এ কর্মী সম্মেলনের আয়োজন করা হয়।
ফজলুর রহমান বলেন, ‘আমার দল বিএনপি, দেশনেত্রী বেগম খালেদা জিয়া, দেশনায়ক তারেক রহমান আমাকে মনোনয়ন দিয়ে ইটনা-মিঠামইন-অষ্টগ্রামের মানুষের গণতান্ত্রিক অধিকারের প্রতি যে সম্মান দেখিয়েছেন, সে জন্য আমি কৃতজ্ঞ।
আমি জানতাম আমার দল আমাকেই মনোনয়ন দেবে। আমার বিরুদ্ধে দেশ-বিদেশে অনেক অপপ্রচার ছিল। আজকে আমি মনোনয়ন নিয়ে এসেছি। আমি যদি নির্বাচিত হতে পারি, তাহলে এলাকার ভাগ্য বদলে দেব।’
বিএনপির এই নেতা আরও বলেন, ‘জামায়াতে ইসলামী আমাকে টাইটেল দিয়েছে ফজু পাগলা। আমাকে ফজু পাগলা উপাধি দেওয়ার জন্য তাদের আমি ধন্যবাদ জানাই। আপনারা জানেন, কিশোরগঞ্জের পাগলা মসজিদকে মানুষ অনেক সম্মান করে।
কোটি কোটি টাকা পাগলা মসজিদে মানুষ দান করে। তাহলে কিশোরগঞ্জের পাগলা মসজিদ এলাকার সন্তান ফজু পাগলার সম্মান কত? তাই যাঁরা আমাকে এই উপাধি দিয়েছেন, তাঁদের আমি ধন্যবাদ জানাই।’
ইটনা উপজেলা বিএনপির সভাপতি এস এম কামাল হোসেনের সভাপতিত্বে অনুষ্ঠানে ফজলুর রহমানের স্ত্রী জেলা বিএনপির সাবেক সভাপতি উম্মে কুলসুম, ইটনা উপজেলা বিএনপির সাধারণ সম্পাদক স্বপন ঠাকুর, জ্যেষ্ঠ সহসভাপতি মো. মনির উদ্দিন, যুগ্ম সাধারণ সম্পাদক পলাশ রহমান, সাংগঠনিক সম্পাদক তরিকুল ইসলাম প্রমুখ বক্তব্য দেন।"
"বিএনপি ক্ষমতায় গেলে সাকিব কি দলে ফিরবেন, উত্তর দিলেন মির্জা ফখরুল","সাকিব আল হাসান কি আর কখনো বাংলাদেশের হয়ে খেলতে পারবেন? সাম্প্রতিক সময়ে বাংলাদেশের ক্রিকেটে যে প্রশ্নগুলো বেশি শোনা গেছে, এটি তার অন্যতম। একই প্রশ্ন গতকাল শুনতে হয়েছে বাংলাদেশ-পাকিস্তান ম্যাচ দেখতে মিরপুর স্টেডিয়ামে যাওয়া বাংলাদেশ জাতীয়তাবাদী দলের (বিএনপি) মহাসচিব মির্জা ফখরুল ইসলাম আলমগীরকেও।
গত বছরের ৫ আগস্ট ছাত্র–জনতার গণ–অভ্যুত্থানে শেখ হাসিনা সরকারের পতনের পর দেশে ফিরতে পারেননি নৌকা প্রতীকে দ্বাদশ সংসদ নির্বাচনে সংসদ সদস্য হওয়া সাকিব। গণ–অভ্যুত্থানের পরপর পাকিস্তান এবং ভারতে অনুষ্ঠিত টেস্ট সিরিজে খেললেও দেশে ফিরতে না পারায় সাকিব এখন জাতীয় দলের বাইরে।
অক্টোবরে দেশে এসে দক্ষিণ আফ্রিকার বিপক্ষে খেলতে চাইলে এ নিয়ে ঘটে যায় তুলকালাম কাণ্ড। দলের সঙ্গে যোগ দেওয়ার জন্য দুবাই হয়ে দেশের পথে থাকা সাকিব ঢাকায় তাঁর বিরোধিতায় আন্দোলনের মুখে মাঝপথ থেকেই যুক্তরাষ্ট্রে ফিরে যান।
এরপর সাকিবের নামের পাশে যোগ হওয়া একাধিক মামলাও তাঁর দেশে ফেরা এবং দলে ফেরাকে অনিশ্চিত করে তুলেছে। সাকিব বাংলাদেশের হয়ে শেষ ম্যাচ খেলে ফেলেছেন কি না, এমন প্রশ্নও তুলেছেন অনেকে।
বিএনপি ভবিষ্যতে ক্ষমতায় এলে সাকিবের দলের ফেরার সম্ভাবনা আছে কি না, টি স্পোর্টসের এমন প্রশ্ন ছিল মির্জা ফখরুলের কাছে। জবাবে বাংলাদেশ ক্রিকেট বোর্ডের (বিসিবি) সাবেক এই সদস্য বলেন, ‘সেটা সাকিবের ফর্মের ওপর নির্ভর করবে। তখন সে ক্রিকেটে থাকবে কি না সেটার ওপর নির্ভর করবে। আমি কখনোই খেলাধুলার মধ্যে রাজনীতিকে আনতে চাইনি এবং বিশ্বাসও করি না। সুতরাং যে যোগ্য সে অবশ্যই আসবে।’
সাকিবের ফেরার প্রসঙ্গ সাম্প্রতিক সময়েও সামনে এসেছে। কদিন আগেই শোনা গিয়েছিল, সাকিবকে আবার জাতীয় দলে খেলানোর উদ্যোগ নিচ্ছে বিসিবি। স্বয়ং বোর্ড সভাপতি আমিনুল ইসলাম বলেছেন, তিনি সাকিবের সঙ্গে কথা বলবেন।
যদিও খুব শিগগির যে সাকিব দলে বা দেশে ফিরবেন এমন আভাস নেই।"
"নৌকার নাহিদের আয়-সম্পদ বেড়েছে, কমেছে তৃণমূল বিএনপির শমসেরের","‘সঞ্চয়পত্রের মুনাফার হার কমে যাওয়ায়’ বার্ষিক আয় কমেছে সিলেট-৬ (গোলাপগঞ্জ ও বিয়ানীবাজার) আসনের তৃণমূল বিএনপির প্রার্থী শমসের মুবিন চৌধুরীর। দল বদলানো এই নেতার পাঁচ বছরের ব্যবধানে সম্পদও কমেছে। একই আসনে আওয়ামী লীগের প্রার্থী সাবেক শিক্ষামন্ত্রী নুরুল ইসলাম নাহিদের আয় ও সম্পদ পাঁচ বছরের ব্যবধানে কিছুটা বেড়েছে।
২০১৮ সালের জাতীয় নির্বাচন ও এবারের নির্বাচনে প্রার্থী হতে দেওয়া হলফনামার তথ্য বিশ্লেষণ করে এই চিত্র পাওয়া গেছে। হলফনামার তথ্য অনুযায়ী, শমসের মুবিনের বার্ষিক আয় ৫ বছরে প্রায় পৌনে ২ কোটি টাকা থেকে ৮ লাখ টাকায় নেমেছে। অন্যদিকে নুরুল ইসলামের বার্ষিক আয় সোয়া ১৬ লাখ টাকা থেকে সোয়া ৫০ লাখ টাকায় দাঁড়িয়েছে। শমসের বর্তমানে ‘অবসরপ্রাপ্ত সরকারি কর্মকর্তা’। অন্যদিকে নুরুল ইসলাম পেশায় ‘রাজনৈতিক কর্মী’। দুজনের কারও কোনো ঋণ নেই।
শমসের মুবিন চৌধুরী বিএনপির ভাইস চেয়ারম্যান ছিলেন। তিনি ২০১৫ সালে বিএনপি থেকে পদত্যাগ করেন। ২০১৮ সালের ৮ ডিসেম্বর বিকল্পধারা বাংলাদেশে যোগ দিয়ে পররাষ্ট্রবিষয়ক উপদেষ্টা হন। পরে গত নির্বাচনে বিকল্পধারার মনোনয়নে সিলেট-৬ আসনে প্রার্থী হন। যদিও পরে আওয়ামী লীগের প্রার্থী নুরুল ইসলামকে সমর্থন দিয়ে নির্বাচন থেকে সরে দাঁড়ান। সম্প্রতি তিনি ‘কিংস পার্টি’ হিসেবে পরিচিত পাওয়া তৃণমূল বিএনপির চেয়ারপারসন নির্বাচিত হন।
সপ্তম জাতীয় সংসদ নির্বাচনে সিলেট-৬ আসনে আওয়ামী লীগের মনোনয়নে প্রথমবারের মতো নির্বাচিত হন নুরুল ইসলাম। পরে ২০০৮ সালে নবম, ২০১৪ সালে দশম ও ২০১৮ সালে একাদশ জাতীয় সংসদ নির্বাচনেও তিনি দলীয় মনোনয়ন পেয়ে বিজয়ী হন। নবম জাতীয় সংসদ নির্বাচনে বিজয়ী হওয়ার পর টানা দুই দফা তিনি শিক্ষামন্ত্রীর দায়িত্ব পালন করেন। দলের সর্বোচ্চ নীতিনির্ধারণী ফোরাম সভাপতিমণ্ডলীর সদস্যও ছিলেন নুরুল ইসলাম।
শমসের মুবিন ২০১৮ সালে হলফনামায় তাঁর বার্ষিক আয়ের পরিমাণ দেখিয়েছিলেন প্রায় পৌনে ২ কোটি টাকা। এবার তা দেখিয়েছেন ৮ লাখ টাকার কিছু বেশি। এবারের আয়ের পুরোটাই তিনি ‘শেয়ার, সঞ্চয়পত্র, ব্যাংক আমানত’ থেকে পান। আয় কমার কারণ হলো ২০১৮ সালের মতো এবার তাঁর ব্যাংক ডিপোজিট ও সেভিং সার্টিফিকেট মুনাফা এবং পেশাগত আয় নেই। ২০১৮ সালে এ তিন খাতে তিনি বার্ষিক ২৫ লাখ ৫৩ হাজার ২১৫ টাকা আয় করতেন। এ ছাড়া ২০১৮ সালে ‘শেয়ার, সঞ্চয়পত্র/ব্যাংক আমানত’ খাত থেকেই তিনি বার্ষিক আয় করতেন ১ কোটি ৩৭ লাখ টাকা।
হলফনামা অনুযায়ী, শমসেরের অস্থাবর সম্পদ এবার প্রায় ১ কোটি টাকা কমেছে। এবার তিনি তাঁর অস্থাবর সম্পদ দেখিয়েছেন প্রায় পৌনে ৩ কোটি টাকার। ২০১৮ সালে তিনি অস্থাবর সম্পদের মূল্য দেখিয়েছিলেন প্রায় ৪ কোটি টাকার। তবে ২০১৮ সালের মতো এবারও তাঁর স্থাবর সম্পদ এবং দেনা নেই। এবার তিনি পেশার ঘরে ‘অবসরপ্রাপ্ত সরকারি কর্মকর্তা’ লিখছেন। ২০১৮ সালে তা লিখেছিলেন ‘বেসরকারি চাকুরিজীবী’।বর্তমানে কোনো ফৌজদারি মামলা এবং অতীতে কোনো ফৌজদারি মামলা ছিল কি না, এমন তথ্যের ঘরে শমসের মুবিন এবার ‘প্রযোজ্য নয়’ বলে উল্লেখ করেছেন। যদিও ২০১৮ সালে জমা দেওয়া হলফনামায় অতীতে তাঁর বিরুদ্ধে বিস্ফোরক দ্রব্য আইনে ঢাকার বিজ্ঞ সিএমএম আদালতে তিনটি মামলা হয়েছে বলে উল্লেখ করেছিলেন। এর মধ্যে তখন দুটি মামলা চলমান ছিল এবং একটি খারিজ হয়েছে বলে উল্লেখ করেছিলেন তিনি।
আয় কমার বিষয়ে জানতে চাইলে শমসের মুবিন চৌধুরী প্রথম আলোকে বলেন, ‘আমি সরকারি চাকরি থেকে অবসর গ্রহণের পর পেনশনার সঞ্চয়পত্র করেছিলাম। এখন সঞ্চয়পত্রের মুনাফার হার কমে যাওয়ায় আয় কমেছে। এ ছাড়া আমার বিকল্প কোনো আয়ও নেই। তাই আয় কমেছে।’ মামলার বিষয়ে তাঁর দাবি, সব কটি মামলা খারিজ হয়ে যাওয়ায় পুরোনো মামলার তথ্য হলফনামায় উল্লেখ করেননি।
এদিকে সাবেক শিক্ষামন্ত্রী নুরুল ইসলামের হলফনামা অনুযায়ী, পেশা হিসেবে তিনি নিজেকে রাজনৈতিক কর্মী উল্লেখ করেছেন। এবার তিনি বার্ষিক আয় দেখিয়েছেন সোয়া ৫০ লাখ টাকা। ২০১৮ সালে তা ছিল সোয়া ১৬ লাখ টাকা। এবার তিনি ২ কোটি টাকার অস্থাবর সম্পদ দেখিয়েছেন। ২০১৮ সালে তা ছিল ছিল দেড় কোটি টাকার। এবার তাঁর সোয়া ২৭ লাখ টাকার স্থাবর সম্পদ আছে বলে উল্লেখ করেছেন।
বিগত চারটি নির্বাচনে রিটার্নিং কর্মকর্তার কার্যালয়ে নুরুল ইসলামের জমা দেওয়া হলফনামা ঘেঁটে দেখা গেছে, গত পাঁচ বছরে তাঁর আয় বেড়েছে তিন গুণ। অন্যদিকে ১৫ বছরের ব্যবধানে তাঁর আয় বেড়েছে সাড়ে ১৩ গুণ। গত পাঁচ বছরে নাহিদের অস্থাবর সম্পদ বেড়েছে সোয়া গুণ। অন্যদিকে ১৫ বছরে তাঁর অস্থাবর সম্পদ বেড়েছে সাড়ে ৯ গুণ।
২০০৮ সালে নুরুল ইসলাম পেশা হিসেবে রাজনৈতিক কর্মী ও কৃষিজীবী উল্লেখ করেছেন। এরপর সব সময় তিনি পেশার কোঠায় নিজেকে রাজনৈতিক কর্মী উল্লেখ করেছেন। তাঁর বার্ষিক আয় ২০০৮ সালে প্রায় পৌনে ৪ লাখ এবং ২০১৪ সালে প্রায় পৌনে ১৮ লাখ টাকা ছিল। এ ছাড়া তাঁর ২০০৮ সালে সাড়ে ২১ লাখ টাকার এবং ২০১৪ সালে প্রায় ১ কোটি টাকার অস্থাবর সম্পদ ছিল। প্রতিবারই তিনি স্থাবর সম্পদের মধ্যে কৃষি ও অকৃষিজমি এবং দালান দেখিয়েছেন।
রিটার্নিং কর্মকর্তার কার্যালয় সূত্রে জানা গেছে, নুরুল ইসলাম ও শমসের মবিন ছাড়াও এখানে জাতীয় পার্টির (জাপা) সেলিম উদ্দিন, ইসলামী ঐক্যজোটের সাদিকুর রহমান, বাংলাদেশ সাংস্কৃতিক মুক্তিজোটের আতাউর রহমান এবং স্বতন্ত্র সরওয়ার হোসেনের মনোনয়নপত্র বৈধ ঘোষণা করা হয়েছে।
সেলিম উদ্দিন ২০১৪ সালে সিলেট-৫ (কানাইঘাট ও জকিগঞ্জ) আসন থেকে সংসদ সদস্য নির্বাচিত হন। এবার তিনি সিলেট-৬ আসনে প্রার্থী হয়েছেন। এবারের হলফনামার তথ্যানুযায়ী, তিনি একজন ব্যবসায়ী। বর্তমানে তাঁর বার্ষিক আয় ২ লাখ টাকার কিছু বেশি। এখন তাঁর ৮ লাখ টাকার অস্থাবর সম্পদ এবং প্রায় ৩ কোটি টাকার স্থাবর সম্পদ আছে।
একাদশ ও দশম জাতীয় সংসদ নির্বাচনের আগে জমা দেওয়া হলফনামায় দেখা গেছে, ২০১৮ সালে সেলিমের বার্ষিক আয় ছিল প্রায় ২৫ লাখ টাকা। তখন তাঁর দেড় কোটি টাকার অস্থাবর সম্পদ এবং প্রায় দেড় কোটি টাকার স্থাবর সম্পদ ছিল। ২০১৪ সালে তিনি বার্ষিক আয় দেখাননি। তখন তিনি প্রায় সোয়া কোটি টাকার অস্থাবর সম্পদ এবং কৃষি ও অকৃষিজমি, দালান ও বাড়ি স্থাবর সম্পদ হিসেবে দেখিয়েছেন।
অন্য প্রার্থীদের মধ্যে স্বতন্ত্র প্রার্থী সরওয়ার হোসেনের বার্ষিক আয় প্রায় ৩ লাখ টাকা। ‘স্বশিক্ষিত’ সরওয়ার কানাডা আওয়ামী লীগের প্রতিষ্ঠাতা সভাপতি। তাঁর ৭৮ লাখ টাকার অস্থাবর সম্পদ রয়েছে বলে হলফনামায় উল্লেখ করেছেন।
‘স্বশিক্ষিত’ দাবি করা আতাউর রহমানের বার্ষিক আয় সাড়ে ৪ লাখ টাকা। তাঁর ৫ লাখ টাকার অস্থাবর সম্পদ ও ১টি জিপ আছে। অপর প্রার্থী সাদিকুর রহমানের বার্ষিক আয় প্রায় পৌনে ৪ লাখ টাকা। তাঁর ৭ লাখ টাকার অস্থাবর সম্পদ এবং সাড়ে ৭ লাখ টাকার স্থাবর সম্পদ আছে বলে হলফনামায় উল্লেখ করেছেন।"
বিএনপি নির্বাচন বানচালের ষড়যন্ত্র করছে: প্রধানমন্ত্রী,"প্রধানমন্ত্রী ও আওয়ামী লীগ সভাপতি শেখ হাসিনা বিএনপিকে সন্ত্রাসী–বোমা হামলাকারীদের দল আখ্যায়িত করেছেন। তিনি দেশবাসীকে সতর্ক করে দিয়ে বলেছেন, দলটি (বিএনপি) আগামী নির্বাচন যেন সুষ্ঠুভাবে হতে না পারে, সে জন্য ষড়যন্ত্র করছে।
জাতির পিতা বঙ্গবন্ধু শেখ মুজিবুর রহমানের ৪৮তম শাহাদাতবার্ষিকী ও জাতীয় শোক দিবস উপলক্ষে আয়োজিত স্মরণসভায় সভাপতিত্বকালে দেওয়া ভাষণে শেখ হাসিনা এ কথা বলেন। রাজধানীর বঙ্গবন্ধু আন্তর্জাতিক সম্মেলন কেন্দ্রে বুধবার বাংলাদেশ আওয়ামী লীগ এ স্মরণসভার আয়োজন করে।
আওয়ামী লীগ সভাপতি বলেন, ‘জাতির পিতার হত্যাকারী, সন্ত্রাসী, জঙ্গিবাদ সৃষ্টিকারী, বোমা হামলাকারী, গ্রেনেড হামলাকারী বিএনপি; তারা (বিএনপি) জানে যে নির্বাচন করে কোনো দিন ক্ষমতায় যেতে পারবে না, জনগণের ভোটও পাবে না। তাই নির্বাচনকে প্রশ্নবিদ্ধ করা এবং ভোট যেন না হয়, সে জন্য যত রকমের চক্রান্ত করা যায়, সেই চক্রান্তে তারা লিপ্ত।’
বিএনপি সেই ’৭৫ সাল থেকে এই চক্রান্ত করছে উল্লেখ করে প্রধানমন্ত্রী শেখ হাসিনা বলেন, তারা চক্রান্ত করেছে আর দেশের মানুষের ভাগ্য নিয়ে খেলছে। এ দেশের মানুষ যখন নৌকায় ভোট দিয়েছে, স্বাধীনতা পেয়েছে। আজ মানুষ পেট ভরে খেতে পারছে, বিদ্যুৎ পাচ্ছে, রাস্তাঘাট পেয়েছে, কর্মসংস্থান পাচ্ছে, মানুষের ভাগ্য পরিবর্তন হয়েছে—জাতির পিতা যা চেয়েছিলেন।
প্রধানমন্ত্রী বলেন, ‘বাবা-মা-ভাই সব হারিয়েছিলাম। কিন্তু একটাই প্রতিজ্ঞা নিয়ে এসেছিলোম, লাখো শহীদের রক্তের বিনিময়ে অর্জিত এই স্বাধীনতাকে ব্যর্থ হতে দেব না।’
’৭৫-এর শোকব্যথাকে বুকে ধারণ করে দিনরাত কাজ করে গেলেও একের পর এক আঘাত, প্রাণসংহারের চেষ্টা তাঁকে মোকাবিলা করতে হয়েছে উল্লেখ করে জাতির পিতার কন্যা বলেন, ‘আমারও সময় সীমিত, কত ভয়ানক মৃত্যুর মুখ থেকে ফিরে এসেছি। আমার নেতা-কর্মীরা জীবন দিয়ে আমাকে ফিরিয়ে এনেছে।’ তিনি বলেন, ‘আমার বাবা রক্ত দিয়ে গেছেন এ দেশের মানুষের জন্য। রক্ত দিয়ে গেছেন আমার মা, আমার ভাইয়েরা। প্রতিনিয়ত হৃদয়ে রক্তক্ষরণ নিয়ে আমাদের দিনরাত প্রচেষ্টা এ দেশের মানুষের ভাগ্য পরিবর্তন করা।’
প্রধানমন্ত্রী বলেন, আওয়ামী লীগ সরকার দেশের মানুষের জন্য কাজ করছে, সেটাই ‘অনেকের অন্তর্জ্বালা’। তিনি বলেন, বিএনপি লুটে খেতে পারছে না, ক্ষমতা নেই, জনগণকে শোষণ করতে পারছে না। জনগণের ভাগ্য নিয়ে ছিনিমিনি খেলতে পারছে না, তাই নির্বাচনে কারচুপির ধুয়া তুলছে। প্রধানমন্ত্রী বলেন, বিএনপির মুখে নির্বাচনে কারচুপির কথা আসে কোত্থেকে। ভোট চুরির অপরাধে খালেদা জিয়া দু–দুবার ক্ষমতাচ্যুত হয়েছে। তারপরও তাদের মুখে আবার গণতন্ত্রের কথা।
বাংলাদেশের গণতন্ত্র ও নির্বাচন নিয়ে তৎপর গুটিকতক দেশের কতিপয় রাজনীতিবিদ ও সংস্থার অতি উৎসাহের সমালোচনা করেন প্রধানমন্ত্রী। তিনি বলেন, এদের উদ্দেশ্য গণতন্ত্র নয়, এরা একটা জিনিসই করতে চায়, সেটা বাংলাদেশের উন্নয়নের পথে প্রতিবন্ধকতা সৃষ্টি।
প্রধানমন্ত্রী বলেন, ‘আজকে বাংলাদেশের গণতন্ত্রের ভিত্তিটা আমরা মজবুত করেছি, জনগণের ভোটের অধিকার নিশ্চিত করেছি, বাংলাদেশের মানুষের আর্থসামাজিক উন্নতি হচ্ছে।’
দেশের ভৌগোলিক অবস্থানের গুরুত্ব বিবেচনায় নানা চক্রান্তের বিষয়ে প্রতিবেশী দেশগুলোকে সতর্ক থাকার আহ্বান জানিয়ে আওয়ামী লীগ সভাপতি বলেন, ‘এই বিষয়ে আমাদের যেমন সজাগ থাকতে হবে, তা ছাড়া অন্যান্য দেশ, আমি তো বলব ভারত মহাসাগরের অন্যান্য দেশ, তারা এ ব্যাপারে যথেষ্ট সচেতন আছে, সেটা আমি বিশ্বাস করি।’
প্রধানমন্ত্রী শেখ হাসিনা বলেন, ‘ভৌগোলিক অবস্থানের দিক দিয়ে ভারত মহাসাগর, অপরদিকে প্রশান্ত মহাসাগর; এই ভারত মহাসাগরেই কিন্তু আমাদের বঙ্গোপসাগর, এর গুরুত্ব অনেক বেশি। প্রাচীনকাল থেকে এই জায়গা দিয়ে ব্যবসা-বাণিজ্য চলে। ভারত মহাসাগরে যতগুলো দেশ আছে, কারও সঙ্গে আমাদের কোনো দ্বন্দ্ব নেই, সম্পূর্ণ নিষ্কণ্টক একটা যোগাযোগ পথ। এই জলপথে আন্তর্জাতিকভাবে সবচেয়ে নির্বিঘ্নে পণ্য পরিবহন হয়।’ তিনি বলেন, ‘দেশবাসীকে বলব, যারা দেশপ্রেমিক তাদের সবাইকে এ ব্যাপারে সচেতন থাকতে হবে। কেননা, বাংলাদেশের মানুষের এতটুকু ক্ষতি করে কোনো দিন ক্ষমতায় যাওয়ার চিন্তা করি না।’
পার্বত্য চট্টগ্রামে অশান্তি সৃষ্টির চেষ্টা হচ্ছে জানিয়ে প্রধানমন্ত্রী বলেন, ‘এই এলাকাটা নিয়ে নানা ধরনের খেলার একটা চক্রান্ত। পার্বত্য চট্টগ্রামে ২০ বছর ধরে যেখানে সংঘাত ছিল, আমি সরকারে আসার পর সেখানে আমি শান্তি ফিরিয়ে আনি। সেখানেও আবার নানা রকম অশান্তি সৃষ্টির চেষ্টা হচ্ছে।’
দেশের তথাকথিত স্বার্থান্বেষী বিজ্ঞতার দাবিদার মহল সম্পর্কে কঠোর সমালোচনা করে প্রধানমন্ত্রী বলেন, ‘আমাদের কিছু আঁতেল আছে, জানি না এসব তারা চিন্তা করে কি না। সেগুলো না করেই তারা এদের সঙ্গে সুর মেলায়। দুটো পয়সার লোভে তারা নানাভাবে এই কাজগুলো করে বেড়ায়।’
যুক্তরাষ্ট্রের প্রতি ইঙ্গিত করে শেখ হাসিনা বলেন, ‘সব থেকে অবাক লাগে, যেসব দেশে এই খুনিদের (বঙ্গবন্ধুর) আশ্রয় দিয়ে রাখা হয়েছে, তারা আমাদের কাছে এসে মানবাধিকারের কথা বলে। তারা নির্বাচনের কথা বলে, স্বচ্ছতার কথা বলে। বাংলাদেশের নির্বাচন নিয়ে একেবারে উতলা হয়ে পড়েছে। তাদের কাছে আমার প্রশ্ন, ২০০১ সালের নির্বাচনে এ দেশে নির্বিচারে অত্যাচার চলল। কত মানুষকে খুন করেছে। হাত কেটেছে। চোখ তুলে নিয়েছে। ঘরবাড়ি জ্বালিয়েছে। তখন নির্বাচন নিয়ে কোনো কথা হয়নি কেন? সেই নির্বাচনে তো আমাদের হারার কথা নয়। সে নির্বাচনে তো জোর করে আমাদের হারানো হয়েছে।’
প্রধানমন্ত্রী শেখ হাসিনা বলেন, ‘খালেদা জিয়া ১৫ ফেব্রুয়ারি ভোটারবিহীন নির্বাচন করেছিল। তখন তাদের নির্বাচনী চেতনা কোথায় ছিল? জিয়াউর রহমান বা জেনারেল এরশাদের সময় ৪৮ ঘণ্টা ভোটের ফল বন্ধ করে রেখে ফল ঘোষণা করে সেটা নিয়ে তো এদের কোনো উদ্বেগ আমরা দেখিনি। আজকে তাদের কাছ থেকে নির্বাচনের কথা, মানবাধিকারের কথা আমাদের শুনতে হয়। তো আমাদের মানবাধিকার কোথায় ছিল যেখানে আমরা বাবা–মায়ের হত্যার বিচার চাইতে পারতাম না। হত্যার বিচার চেয়ে একটা মামলা করার অধিকার আমাদের ছিল না।’
প্রধানমন্ত্রী এ সময় জিয়াউর রহমানকে জাতির পিতা হত্যায় জড়িত পুনরুল্লেখ করে ১৫ আগস্ট প্রতিহিংসামূলক ভুয়া জন্মদিন পালন করায় খালেদা জিয়ার কঠোর সমালোচনাও করেন।
স্বাধীনতাবিরোধীদের পুনর্বাসনে জিয়ার কর্মকাণ্ডের সমালোচনা করে প্রধানমন্ত্রী বলেন, জামায়াতের উত্থান জিয়াউর রহমানের হাতে। কারণ, এই জামায়াত ছিল যুদ্ধাপরাধী। তাদের কোনো ভোটাধিকার ছিল না। তাদের দল করার অধিকারও ছিল না।"
"ছাত্র–জনতার বিজয়, শেখ হাসিনার বিদায়","ছাত্র ও জনতার ২৩ দিনের দেশ কাঁপানো আন্দোলনে পতন হলো আওয়ামী লীগ সরকারের। শেখ হাসিনা গতকাল সোমবার রাষ্ট্রপতি মো. সাহাবুদ্দিনের কাছে প্রধানমন্ত্রীর পদ থেকে পদত্যাগপত্র জমা দেন। এরপর বঙ্গভবন থেকেই হেলিকপ্টারে দেশ ছাড়েন। সে সময় তাঁর সঙ্গে ছিলেন তাঁর বোন শেখ রেহানা।
শেখ হাসিনার পদত্যাগের মধ্য দিয়ে তাঁর টানা সাড়ে ১৫ বছরের শাসনের অবসান হলো। ২০০৮ সালের ডিসেম্বরের নির্বাচনে জনগণের বিপুল সায় নিয়ে তিনি ক্ষমতায় বসেছিলেন। এরপর নিজের শাসনামলে আর কোনো গ্রহণযোগ্য জাতীয় নির্বাচন তিনি হতে দেননি।
শেখ হাসিনার সরকারের বিরুদ্ধে ভোটাধিকার ও বাক্‌স্বাধীনতা হরণ, মানবাধিকার লঙ্ঘন, ব্যাপক দুর্নীতি ও অর্থ পাচার, দেশকে স্বজনতোষী পুঁজিবাদের কবলে ফেলা, রাষ্ট্রীয় প্রতিষ্ঠানগুলোকে ধ্বংস করা, ঋণের নামে ব্যাংক লুটের সুযোগ দেওয়া, আয়বৈষম্য চরম পর্যায়ে নিয়ে যাওয়াসহ বিস্তৃত অভিযোগ রয়েছে। এসবের বিপরীতে তিনি ঢাল হিসেবে ব্যবহার করতেন অবকাঠামো ও অর্থনৈতিক উন্নয়নকে। কিন্তু শেষ সময়ে অর্থনীতিকেও সরকার সংকটে ফেলেছিল। দেশের বৈদেশিক মুদ্রার মজুত (রিজার্ভ) কমে গেছে, খেলাপি ঋণ ব্যাপকভাবে বেড়ে গেছে, দ্রব্যমূল্য সীমিত আয়ের মানুষের নাগাল ছাড়া হয়ে গেছে।
দেশের মানুষের এসব সমস্যা নিয়ে প্রশ্ন তোলা হলে শেখ হাসিনা ও তাঁর সরকারের মন্ত্রীদের মুখে উপহাস শোনা যেত। কেউ কেউ বলতেন, দেশ সিঙ্গাপুর হয়ে গেছে।
রাজনৈতিক বিশ্লেষকেরা মনে করছেন, সমাজের সব শ্রেণি ও পেশার মানুষের মধ্যে ব্যাপক ক্ষোভ তৈরি হয়েই ছিল। সেটার বহিঃপ্রকাশ ছিল শুধু সময়ের অপেক্ষা। উপলক্ষ তৈরি করে দেয় সরকারি চাকরিতে কোটা সংস্কারের দাবিতে বিশ্ববিদ্যালয় শিক্ষার্থীদের আন্দোলন। এর আগেও ২০১৮ সালে নিরাপদ সড়ক আন্দোলন এবং বেসরকারি বিশ্ববিদ্যালয়ে ভ্যাট (মূল্য সংযোজন কর) আন্দোলনে (২০১৫) যার লক্ষণ দেখা গিয়েছিল।
কোটা সংস্কার আন্দোলন লাগাতারভাবে শুরু হয় গত ১ জুলাই। ১৪ জুলাই প্রধানমন্ত্রী হিসেবে শেখ হাসিনার ‘রাজাকার’সংক্রান্ত এক বক্তব্য ও শিক্ষার্থীদের দাবিকে আইন-আদালতের চক্করে ফেলার পর তাঁর মুখোমুখি দাঁড়িয়ে যান শিক্ষার্থীরা। সেদিন রাতে ঢাকা বিশ্ববিদ্যালয়ের হলগুলোতে হাজার হাজার ছাত্রছাত্রী বেরিয়ে এসে স্লোগান দেওয়া শুরু করেন, ‘তুমি কে, আমি কে, রাজাকার, রাজাকার; কে বলেছে, কে বলেছে, স্বৈরাচার, স্বৈরাচার।’
বাংলাদেশে বিগত সাড়ে ১৫ বছরে শেখ হাসিনাকে নিয়ে প্রশ্ন তোলার সাহস কেউ পায়নি। নিবর্তনমূলক আইন, গুম, গ্রেপ্তার, হয়রানি ও চাপের মুখে নাগরিক সমাজ ও গণমাধ্যম ছিল কোণঠাসা। এই প্রথম শিক্ষার্থীরা শেখ হাসিনার বিরুদ্ধে দাঁড়িয়ে গেলেন, স্লোগান দিলেন; শুরু হলো কোটা সংস্কার আন্দোলনের নতুন যাত্রা।
১৫ জুলাই শিক্ষার্থীদের বিক্ষোভের দিন ছাত্রলীগকে নামিয়ে দেওয়া হয় শিক্ষার্থীদের বিরুদ্ধে। ওই দিন এক সংবাদ সম্মেলনে আওয়ামী লীগের সাধারণ সম্পাদক ওবায়দুল কাদের বলেন, আন্দোলনকারীদের ‘রাজাকার’ স্লোগানের জবাব ছাত্রলীগই দেবে। তারা প্রস্তুত। এরপরই ছাত্রলীগ ঢাকা বিশ্ববিদ্যালয়সহ বিভিন্ন পাবলিক বিশ্ববিদ্যালয়ে শিক্ষার্থীদের ওপর ব্যাপকভাবে হামলা চালায়। দফায় দফায় ছাত্রীদেরও ধরে ধরে পেটানো হয়। গুলি করা হয় শিক্ষার্থীদের লক্ষ্য করে।
১৭ জুলাই বিক্ষোভ ছড়িয়ে পড়ে সারা দেশে। রংপুরে বেগম রোকেয়া বিশ্ববিদ্যালয়ের শিক্ষার্থী আবু সাঈদকে খুব কাছ থেকে গুলি করে খুন করে পুলিশ। সেই ভিডিও চিত্রই কাজ করেছে বারুদে একটি দেশলাইয়ের কাঠির মতো। এরপর দেশজুড়ে বিক্ষোভ শুরু হয়। স্লোগান দেওয়া হয় এই বলে যে ‘বুকের ভেতর অনেক ঝড়, বুক পেতেছি, গুলি কর।’
সত্যিই গুলি করা হবে, তা হয়তো ভাবতে পারেননি বিক্ষোভকারীরা। সাধারণ মানুষও ভাবতে পারেননি, কয়েক দিনেই ২০০ জনের বেশি শিক্ষার্থী ও সাধারণ মানুষকে মেরে ফেলা হবে। কেউ হয়তো ভাবতে পারেননি, ঘরের মধ্যে থাকা শিশু, ছাদে থাকা কিশোরী, বারান্দায় থাকা মানুষ গুলিতে নিহত হবেন। যদিও ১৯ জুলাই কারফিউ জারি করার বিষয়টি জানিয়ে ওবায়দুল কাদের বলেছিলেন, ‘শুট অন সাইট’ বা দেখামাত্র গুলির নির্দেশ জারি করা হয়েছে।
বাংলাদেশে যা কখনো হয়নি, তা-ই হলো; বিপুল সংখ্যায় বিশ্ববিদ্যালয়শিক্ষার্থীদের গুলি করে মারা হলো, কলেজশিক্ষার্থীদের গুলি করে মারা হলো, স্কুলশিক্ষার্থীদের গুলি করে মারা হলো। মায়েরা কাঁদলেন, বাবারা কাঁদলেন, সহপাঠীরা কাঁদলেন। ক্ষোভে ফুঁসে উঠল দেশ। একে একে শিক্ষক, অভিভাবক, আইনজীবী, শিল্পী, সাহিত্যিক, সংস্কৃতিকর্মী, সাংবাদিক, অবসরপ্রাপ্ত সেনা কর্মকর্তা সমর্থন জানাতে শুরু করলেন শিক্ষার্থী ও তরুণদের আন্দোলনে।
শিক্ষার্থীদের বৈষম্যবিরোধী ছাত্র আন্দোলনের সমন্বয়কেরা ৯ দফা দাবি জানিয়েছিলেন। সেই দাবি পূরণের বদলে বেছে নেওয়া হয় নির্যাতন ও গণগ্রেপ্তারের পুরোনো পথ, যা শেখ হাসিনা তাঁর রাজনৈতিক প্রতিপক্ষের বিরুদ্ধে ১৫ বছর ধরে প্রয়োগ করেছেন। কয়েক দিনের মধ্যে ১০ হাজারের বেশি মানুষকে গ্রেপ্তার করা হয়। বাদ যায়নি এইচএসসি পরীক্ষার্থীরাও। বৈষম্যবিরোধী ছাত্র আন্দোলনের সমন্বয়ক নাহিদ ইসলাম, সারজিস আলম, হাসনাত আবদুল্লাহ, আসিফ মাহমুদ, আবু বাকের মজুমদার ও নুসরাত তাবাসসুমকে তুলে নিয়ে আটকে রাখা হয় ঢাকা মহানগর পুলিশের গোয়েন্দা বিভাগের (ডিবি) কার্যালয়ে। সেখান থেকে জোর করে আন্দোলন প্রত্যাহারের ভিডিও বার্তা দেওয়ানো হয়।
মানুষের প্রতিবাদ এবং সমন্বয়কদের অনশনের মুখে তাঁদের ছেড়ে দেওয়া হয়। ২ আগস্ট ঢাকার কেন্দ্রীয় শহীদ মিনারে সব শ্রেণি-পেশার মানুষের জনসমুদ্রে দাঁড়িয়ে ৯ দফা দাবিকে এক দফায় রূপান্তর করা হয়। বলা হয়, সরকারকে পদত্যাগ করতেই হবে। ওদিকে বাংলাদেশ সেনাবাহিনী জনগণের বিরুদ্ধে দাঁড়াতে অস্বীকৃতি জানায়। পুলিশ আর গুলি করতে রাজি ছিল না। শেখ হাসিনা শেষ চেষ্টা হিসেবে নামিয়ে দেন তাঁর রাজনৈতিক শক্তিকে।
৪ আগস্ট ঢাকার রাস্তায় এবং দেশজুড়ে আওয়ামী লীগ, যুবলীগ, ছাত্রলীগ ও স্বেচ্ছাসেবক লীগের নেতা-কর্মীরা বিক্ষোভকারীদের ওপর হামলা করেন। তাঁদের কারও কারও হাতে ছিল আগ্নেয়াস্ত্র, অনেকের হাতে ছিল দেশীয় অস্ত্র। ওই দিন সংঘর্ষে নিহত হন অন্তত ১১৪ জন মানুষ।
যদিও ছাত্র-জনতার প্রতিরোধের মুখে আওয়ামী লীগ বেশি সময় রাজপথে টিকতে পারেনি। ওই দিনই বৈষম্যবিরোধী ছাত্র আন্দোলনের পক্ষ থেকে ‘মার্চ টু ঢাকা’ বা ঢাকামুখী গণযাত্রার ডাক দেওয়া হয়। গতকাল এই কর্মসূচির দিন সকালে কয়েকটি জায়গায় পুলিশের সঙ্গে বিক্ষোভকারীদের সংঘর্ষ হয়। দুপুর নাগাদ স্পষ্ট হয়ে যায় যে সরকার নড়বড়ে হয়ে গেছে। বেলা আড়াইটায় হেলিকপ্টারে করে দেশ ছাড়েন শেখ হাসিনা, যিনি কদিন আগেই (১ আগস্ট) বলেছিলেন, ‘আওয়ামী লীগ বা শেখ হাসিনা কখনো পালিয়ে যায় না।’
শেখ হাসিনা বঙ্গভবন থেকে একটি সামরিক হেলিকপ্টারে তাঁর বোন শেখ রেহানাকে নিয়ে উড্ডয়ন করেন। তিনি ভারতের আগরতলা হয়ে দিল্লি যান।
সব মিলিয়ে ১৪ জুলাই থেকে ৫ আগস্ট—শিক্ষার্থীরা শেখ হাসিনার মুখোমুখি অবস্থান নেওয়ার পর ২৩ দিনে বাংলাদেশের মানুষ মুক্তি পায় ‘অপশাসন’ থেকে।
শেখ হাসিনা দেশ ছাড়ার খবর শুনে যোগাযোগ করা হয় আওয়ামী লীগের এক শীর্ষস্থানীয় নেতার সঙ্গে। তিনি নাম প্রকাশ না করার শর্তে প্রথম আলোকে বলেন, শেখ হাসিনা কারও কথা শোনেননি। তাঁর কারণেই রোববার আওয়ামী লীগকে মাঠে নামতে হয়েছে। নিহত হয়েছেন ১১৪ জন মানুষ। শেষ পর্যন্ত তিনি দলের নেতা-কর্মীদের চরম সংকটে রেখে বিদেশ চলে গেলেন। তিনি বলেন, কোটা সংস্কার আন্দোলনকে কেন্দ্র করে শেখ হাসিনার একগুঁয়েমি ও বারবার ভুল পদক্ষেপের ফলে আওয়ামী লীগ এখন অস্তিত্বের সংকটে। নেতা-কর্মীরা হত্যার ঝুঁকিতে।
মিছিলে মিছিলে মুখর ঢাকা
বাংলাদেশে সোমবার ভোর হয়েছিল উদ্বেগ-উৎকণ্ঠার মধ্য দিয়ে। সকালটা ছিল মেঘলা, রাস্তাঘাট ছিল ফাঁকা। বেলা ১০টার পর থেকে যাত্রাবাড়ী, উত্তরা, শহীদ মিনার, বাড্ডা, মিরপুরসহ বিভিন্ন জায়গায় বিক্ষোভকারীদের জমায়েতের খবর আসতে শুরু করে। কোথাও কোথাও পুলিশের সঙ্গে সংঘর্ষও শুরু হয়।
বেলা সোয়া একটার দিকে আন্তঃবাহিনী জনসংযোগ পরিদপ্তর (আইএসপিআর) জানায়, সেনাপ্রধান জেনারেল ওয়াকার-উজ-জামান জনগণের উদ্দেশে বক্তব্য দেবেন। তখনই মানুষ বুঝে যায়, পট বদলে যাচ্ছে। মানুষ একে একে ঘর থেকে বের হতে শুরু করে। আইনশৃঙ্খলা রক্ষাকারী বাহিনী রাস্তায় মানুষকে আর বাধা দেয়নি। বেলা আড়াইটায় শেখ হাসিনার দেশ ছাড়ার খবরের পর লাখো মানুষের মিছিল, স্লোগানে মুখর হয় ঢাকা। এ যেন শ্রাবণ মাসে ‘বসন্ত’। এই বসন্ত মানুষের মুক্তির, এই বসন্ত নতুন বাংলাদেশের।
বিকেলের দিকে জনস্রোত গণভবন ও প্রধানমন্ত্রীর কার্যালয়ে ঢুকে পড়ে। সেখানে ব্যাপক ভাঙচুর চালানো হয়। গণভবন থেকে যে যা পেরেছেন, তা নিয়ে গেছেন। এক ব্যক্তিকে দেখা যায় একটি বড় রুই মাছ নিয়ে যেতে। একজনের হাতে ছিল একটি টেলিভিশন ও একটি হাঁস। কেউ নিয়ে যাচ্ছিলেন মুরগি ও কবুতর। কেউ কেউ গণভবনের লেকে নেমে গোসল করছিলেন, কেউ কেউ মাছ ধরছিলেন। তাঁদের একজন নাহিদ জামাল। তিনি উচ্ছ্বাস প্রকাশ করে বলেন, ‘বাংলাদেশে আর কোনো স্বৈরশাসক দেখতে চাই না।’
এদিকে গতকাল পুড়িয়ে দেওয়া হয় রাজধানীর ধানমন্ডিতে বঙ্গবন্ধু জাদুঘর, আওয়ামী লীগের সভাপতির রাজনৈতিক কার্যালয়, শেখ হাসিনার ব্যক্তিগত বাসভবন সুধা সদন, তেজগাঁওয়ে আওয়ামী লীগের ঢাকা জেলা কার্যালয়, বেশ কয়েকজন মন্ত্রী ও আওয়ামী লীগ নেতার বাড়ি। হামলা হয় জাতীয় সংসদে, প্রধান বিচারপতির বাড়িতে। ছয় ঘণ্টার জন্য বন্ধ করে দেওয়া হয় বিমানবন্দরের কার্যক্রম। জেলায় জেলায় হামলা হয়েছে আওয়ামী লীগ নেতাদের বাড়ি, ব্যবসাপ্রতিষ্ঠান ও কার্যালয়ে। বিভিন্ন জায়গায় হামলা হয়েছে থানায়। ভাঙচুর করা হয়েছে বিভিন্ন স্থাপনা।
বিকেল চারটার দিকে সেনাপ্রধান জেনারেল ওয়াকার-উজ-জামান জনগণের উদ্দেশে বলেন, ‘প্রধানমন্ত্রী শেখ হাসিনা পদত্যাগ করেছেন। আমরা অন্তর্বর্তীকালীন সরকার গঠন করে কাজ পরিচালনা করব। ধৈর্য ধরেন, সময় দেন।’ তিনি সংঘাতে দেশের ক্ষতি হচ্ছে জানিয়ে সবাইকে শান্তিশৃঙ্খলার পথে ফিরে আসার আহ্বান জানান।
ওদিকে বিকেলে বঙ্গভবনে বিভিন্ন দলের নেতাদের ডাকা হয়। সেখানে নতুন সরকার কীভাবে হবে, তার কাঠামো কী হবে, তা নিয়ে মতামত নেওয়া হয়।
সন্ধ্যায় বৈষম্যবিরোধী ছাত্র আন্দোলনের সমন্বয়কেরা এক সংবাদ সম্মেলন করেন। সেখানে অন্যতম সমন্বয়ক নাহিদ ইসলাম বলেন, ২৪ ঘণ্টার মধ্যে অন্তর্বর্তীকালীন জাতীয় সরকারের প্রস্তাব দেবেন তাঁরা।
’৫২ থেকে ’২৪
বায়ান্নর ভাষা আন্দোলন, উনসত্তরের গণ-অভ্যুত্থান, নব্বইয়ের স্বৈরাচারবিরোধী আন্দোলন—বাংলাদেশের মানুষ ২০২৪-এর জুলাইয়ের মতো এত মৃত্যু দেখেনি।
অতীতের আন্দোলনের মতো এবারের আন্দোলনেও সামনের সারিতে ছিলেন শিক্ষার্থীরা। এবারের বিশেষ দিক ছাত্রীদের, নারীদের বড় অংশগ্রহণ। আরেকটি দিক হলো, এবার লড়াই হয়েছে সামাজিক যোগাযোগমাধ্যমেও। বেশির ভাগ টেলিভিশন চ্যানেল যখন সরকারের নিয়ন্ত্রণে, অনলাইন মাধ্যমগুলো চাপে, তখন শিক্ষার্থীদের যোগাযোগ ও আন্দোলনের আদর্শিক লড়াইয়ের পথ হয়ে ওঠে ফেসবুক, টুইটার। সেখানে ছড়িয়ে পড়ে বিক্ষোভ, স্বজন হারানোর বেদনা, পুলিশের গুলি করার ভিডিও চিত্র। তাতে যুক্ত করা ছিল মুক্তিযুদ্ধের গান, দেশপ্রেমের গান। নতুন নতুন স্লোগান, দেয়াললিখনও তৈরি হয়েছে।
বিশ্লেষকেরা বলছেন, এবারের গণ-অভ্যুত্থানের নেতৃত্বে ছিল ‘জেনারেশন জেড’, যারা সংক্ষেপে ‘জেন জি’ নামে পরিচিত। তথ্যপ্রযুক্তিতে দক্ষ এই প্রজন্ম তাদের লড়াই তাদের মতো করে করেছে। তাদের ঠেকাতে বারবার ইন্টারনেট বন্ধ করা হয়েছে। কখনো কখনো ইন্টারনেট চালু থাকলেও বন্ধ রাখা হয়েছে সামাজিক যোগাযোগমাধ্যম। তবে শিক্ষার্থীদের দমানো যায়নি। বিস্ময়করভাবে পাবলিক বিশ্ববিদ্যালয়ের শিক্ষার্থীরা যখন আক্রান্ত হলেন, তখন বেসরকারি বিশ্ববিদ্যালয়ের শিক্ষার্থীরা রাস্তায় নেমে এলেন।
এসডিজি বাস্তবায়নে নাগরিক প্ল্যাটফর্মের সমন্বয়ক দেবপ্রিয় ভট্টাচার্য প্রথম আলোকে বলেন, অতীতের আন্দোলনে সভা-সমিতির মাধ্যমে সংঘবোধ তৈরি হতো। নতুন প্রজন্ম সেটা তৈরি করেছে সামাজিক যোগাযোগমাধ্যমের মধ্য দিয়ে। মোটাদাগে দুটি বড় সমস্যায় তাঁরা ভুগছেন—গুণমানসম্পন্ন শিক্ষা ও শোভন কর্মসংস্থানের অভাব। পাশাপাশি অনলাইন জগতে তাঁরা যেহেতু বিশ্বনাগরিক, সেহেতু তাঁরা আইনের শাসন, মানবাধিকার, ন্যায়বিচারের অভাব বোধ করেন।
দেবপ্রিয় ভট্টাচার্য বলেন, ‘একজন সরকারপ্রধানের পদত্যাগের মধ্য দিয়ে নতুন প্রজন্মের সমস্যাগুলো মিটে যাবে বলে আমি মনে করি না। তাই নতুন সরকারকে তরুণদের প্রত্যাশাগুলো পূরণে কাজ করতে হবে।’
‘তাঁর দম্ভ দলটাকে ধ্বংস করল’
আওয়ামী লীগের বয়স ৭৫ বছর। ১৯৪৯ সালের ২৩ জুন ঢাকার টিকাটুলীর কে এম দাস লেন রোডের রোজ গার্ডেন প্যালেসে প্রতিষ্ঠিত হয় ‘পূর্ব পাকিস্তান আওয়ামী মুসলিম লীগ’। পরে বাদ দেওয়া হয় মুসলিম শব্দটি। আওয়ামী লীগের নেতৃত্বেই বাংলাদেশে মুক্তিযুদ্ধ হয়েছে, দেশ স্বাধীন হয়েছে।
১৯৭৫ সালের ১৫ আগস্ট বিপথগামী কিছু সেনা কর্মকর্তার হাতে সপরিবার বঙ্গবন্ধু শেখ মুজিবুর রহমান নিহত হলে আওয়ামী লীগ অনেকটা ছন্নছাড়া হয়ে যায়। ১৯৮১ সালে শেখ হাসিনা দেশে ফিরে আওয়ামী লীগের হাল ধরেন। ২১ বছর পর ১৯৯৬ সালে আওয়ামী লীগ ক্ষমতায় আসে।
শেখ হাসিনার নেতৃত্বে আওয়ামী লীগ নিরপেক্ষ নির্বাচনের দাবিতে আন্দোলন করেছে, তত্ত্বাবধায়ক সরকারের দাবিতে আন্দোলন করেছে; ক্ষমতায় এসে সেই আওয়ামী লীগই ২০১৪ সালের নির্বাচন করেছে বিরোধী দলের বর্জনের মুখে। ২০১৮ সালে আওয়ামী লীগ ‘রাতের ভোট’ নামে পরিচিত পাতানো নির্বাচনের মাধ্যমে ক্ষমতায় আসে। ২০২৪ সালের ৭ জানুয়ারির ভোটে মাঠের বিরোধী দল বিএনপি ছিল না। আওয়ামী লীগ নিজেদের দলের লোকদেরই ‘ডামি’ প্রার্থী করে ভোটের আয়োজন করে।
শেখ হাসিনা দলের ভেতরে নিজের ন্যূনতম বিরোধিতা এড়াতে বঙ্গবন্ধুর সঙ্গে রাজনীতি করা নেতাদের কোণঠাসা করে রেখেছিলেন। সামনে এনেছিলেন অনুগত নেতাদের। শেষ পর্যন্ত দেখা গেল আওয়ামী লীগ জনগণের কাছ থেকে পুরোপুরি বিচ্ছিন্ন; পুলিশ ও আমলানির্ভর, দুর্নীতিবাজে ঘেরা একটি দল।
শেখ হাসিনা গণতন্ত্রের জন্য লড়াই করেছিলেন, পরে তিনিই পরিচিত হন গণতন্ত্র হত্যাকারী হিসেবে। শেখ হাসিনা সারের জন্য কৃষক খুন নিয়ে সোচ্চার ছিলেন, তাঁর ওপর এখন ছাত্রহত্যার দায়। চার শতাধিক (৪৩৫) মানুষ হত্যার ঘটনার মধ্য দিয়ে তিনি বিদায় নিয়েছেন। গতকালই নিহত হয়েছেন অন্তত ১০৪ জন।
শেখ হাসিনার বয়স এখন ৭৬ বছর। শেখ হাসিনা আর রাজনীতি করবেন না বলে বিবিসিকে জানিয়েছেন তাঁর ছেলে সজীব ওয়াজেদ জয়।
সাবেক নির্বাচন কমিশনার ব্রিগেডিয়ার জেনারেল (অব.) এম সাখাওয়াত হোসেন প্রথম আলোকে বলেন, এরশাদের চেয়ে শেখ হাসিনা শত গুণ বেশি খারাপ হয়ে বিদায় নিয়েছেন। এরশাদ পালিয়ে যাননি, তিনি পালিয়ে গেছেন। তিনি পালিয়ে গেছেন, কিন্তু আওয়ামী লীগ দলটাকে ধ্বংস করে দিয়ে গেলেন। তাঁর হিংসা, দম্ভ, অহংকার দলটাকে ধ্বংস করল।
তারা কি ফিরিবে আজ
গণ-অভ্যুত্থান ঘটাতে প্রাণ হারিয়েছেন অন্তত সাড়ে তিন শ মানুষ। আহত বহু। কারও পা কেটে ফেলতে হয়েছে। কারও চোখ নষ্ট হয়ে গেছে।
মীর মাহফুজুর রহমান মুগ্ধ, ফারহান ফাইয়াজ, নাইমা সুলতানারা আর ফিরবেন না। তাঁদের স্মরণে ‘ভাইরাল’ হয়েছে মোহিনী চৌধুরীর লেখা গান, মুক্তির মন্দির সোপানতলে।
গানটির তিনটি লাইন—
‘তারা কি ফিরিবে আর
তারা কি ফিরিবে এই সুপ্রভাতে
যত তরুণ অরুণ গেছে অস্তাচলে...।’"
"সাকিবকে বলেছিলাম, যা করো না করো, আওয়ামী লীগ করবা না—মেজর হাফিজ","বিএনপির স্থায়ী কমিটির সদস্য মেজর (অব.) হাফিজ উদ্দিন আহমদ বলেছেন, ক্রিকেটার সাকিব আল হাসানকে তিনি আওয়ামী লীগে যোগ দিতে নিষেধ করেছিলেন। সাকিব পরামর্শটি গ্রহণ করেননি বলে এখন বিপদে পড়েছেন। আজ ঢাকায় বাংলাদেশ জেলা ও বিভাগীয় ক্রীড়া সংগঠক অ্যাসোসিয়েশনের আত্মপ্রকাশ অনুষ্ঠানে তিনি এ কথা বলেন।
একই অনুষ্ঠানে উপস্থিত ছিলেন ফেব্রুয়ারিতে আন্তর্জাতিক ক্রিকেট থেকে অবসর ঘোষণা করা তামিম ইকবাল। হাফিজ উদ্দিন তামিমকেও রাজনীতির বিষয়ে সতর্ক থাকতে পরামর্শ দিয়েছেন।
দ্বাদশ সংসদ নির্বাচনে নৌকা প্রতীকে সংসদ সদস্য নির্বাচিত হওয়া সাকিব গত আগস্টে আওয়ামী লীগ সরকারের পতনের পর থেকে দেশের বাইরে আছেন। তিনি দেশ ফিরতে পারছেন না।
নির্বাচনের আগে সাকিব তাঁর সঙ্গে সাক্ষাৎ করেছিলেন জানিয়ে হাফিজ উদ্দিন বলেন, ‘সাকিব আল হাসান আমার বাসায় এসেছিল একদিন। আমার পরিচিত সামরিক বাহিনীর এক কর্মকর্তা তাকে নিয়ে এসেছিল। আমার সঙ্গে পরিচয় ছিল না। এমনিই খেলা দেখেছি টেলিভিশনে। বলল আপনার সঙ্গে দেখা করতে চায়। অ্যাডভাইস নিতে চায়। বললাম, আমি তো বিরোধী দল করি। সে তো বিরোধী দলে যোগ দেওয়ার জন্য নিশ্চয়ই আসবে না। পরে এলো।  তাকে অনেক কথাবার্তা বললাম। তাকে একটা উপদেশ দিয়েছি, যেটি সে গ্রহণ না করে বিপদে পড়েছে। তাকে আমি বলেছি ‘‘যা করো না করো, আওয়ামী লীগ কোনো দিন করবা না।’’ সে এটা শুনে একটু বিমর্ষ হলো। তার ধারণা আওয়ামী লীগে গেলে মন্ত্রী হবে, এটা-ওটা হবে। এমপি তো হবেই।’
আশির দশকে রাজনীতিতে নামার আগে হাফিজ উদ্দিন ছিলেন বাংলাদেশ জাতীয় ফুটবল দলের খেলোয়াড়। নিজের খেলোয়াড়ি জীবনের কথা সাকিবকে মনে করিয়ে দিয়েছিলেন জানিয়ে হাফিজ বলেন, ‘তাকে বললাম, দেখো আমিও তোমার মতো খেলোয়াড় ছিলাম। আমারও পরিচিতি ছিল। একসময় পাকিস্তান জাতীয় দলে আমি একাই বাঙালি ছিলাম। অনেক সুযোগ-সুবিধা নিতে পারতাম। কিন্তু খেলোয়াড় অবস্থায়, জাতীয় দলে থাকা অবস্থায় রাজনীতিতে যোগদান করা আমার ঠিক মনঃপূত হচ্ছে না।’
রাজনীতিতে যোগ না দিলে সাকিব এখন বেশ ভালো থাকতেন বলে মনে করেন হাফিজ, ‘(বলেছিলাম) তুমি এখন রাজনীতিতে যেয়ো না। আর গেলে এই দলটির (আওয়ামী লীগ) বেশি দিন আর আয়ু নাই। সে চুপচাপ থেকে পরে চলে গেল। যদি সে আমার কথা শুনত, এভাবে রাজনীতিতে না যেত, নির্বাচনে না যেত, আজ অনেক সম্মানের সঙ্গে ঢাকার রাজপথে বিচরণ করতে পারত। এখন তো তার বাড়ি আসাই মুশকিল হবে।’
সাকিবের উদাহরণ টেনে অনুষ্ঠানে উপস্থিত তামিমকে রাজনীতি বিষয়ে সতর্ক থাকার পরামর্শও দিয়েছেন বিএনপির এই নেতা, ‘এখানে যারা ক্রিকেটের, ফুটবলের, হকির খেলোয়াড় আছে, বিশেষ করে তামিম ইকবালকে বলব, তার যথেষ্ট নাম আছে। তার ব্যাটিং আমার খুব পছন্দ। এ রকম অ্যাগ্রেসিভ খেলোয়াড় এখন দেখাই যায় না। সুতরাং বাংলাদেশ ক্রিকেট বোর্ড তাকে হ্যান্ডল করতে পারে নাই। যার জন্য মানসিকভাবে খেলার আগে বিড়ম্বিত ছিল। সময়ের আগেই হয়তো কোনো কোনো ফরম্যাট থেকে অবসর নিয়েছে।’
বাংলাদেশের ক্রীড়াঙ্গনে আওয়ামী লীগের নেতিবাচক প্রভাবের প্রসঙ্গে হাফিজ বলেন, ‘ক্রীড়াঙ্গনের জন্য আমাদের রাজনীতিবিদরা তেমন কিছু করেন নাই আজ অব্দি। অনেক কিছুই করানোর রয়েছে। এর একটা প্রধান কারণ হলো এ দেশের একটি পুরোনো রাজনীতিক দল আওয়ামী লীগ, তারা এ দেশের খেলাধুলার অতীতের সব ট্র্যাডিশনকে পাল্টে দিয়েছে। ক্রীড়াসুলভ মনোবৃত্তি এদের মধ্যে একেবারেই দেখা যায় না। এরা অনেক ক্রীড়াবিদকেও বিপদে ফেলেছে।’
রাজনীতি ও ক্রীড়াঙ্গনের পার্থক্য তুলে ধরে হাফিজ বলেন, ‘ক্রীড়াঙ্গন একটি অন্য ধরনের অঙ্গন। রাজনীতি থেকে অনেক দূরের অঙ্গন। ক্রীড়াঙ্গনে যাঁরা রথী–মহারথী, যাঁরা সময় দেন, তাঁদের হৃদয় অন্য রকম, ব্যঞ্জনা অন্য রকম। মনমানসিকতা অন্য রকম। রাজনীতিবিদদের সঙ্গে ক্রীড়াবিদদের মনমানসিকতার অনেক তফাত রয়েছে। আমি কখনোই চিন্তা করি নাই রাজনীতি করব।’"
আওয়ামী লীগের সঙ্গে জোট করার কোনো সম্ভাবনা নেই: সমশের মবিন চৌধুরী,"দ্বাদশ জাতীয় সংসদ নির্বাচনে আওয়ামী লীগের সঙ্গে জোট করার কোনো সম্ভাবনা নেই বলে মন্তব্য করেছেন তৃণমূল বিএনপির চেয়ারপারসন সমশের মবিন চৌধুরী। আজ মঙ্গলবার সকালে সিলেটের গোলাপগঞ্জে একটি অনুষ্ঠানে যোগ দিয়ে সাংবাদিকদের প্রশ্নের জবাবে তিনি এ মন্তব্য করেন।
গোলাপগঞ্জ মুক্ত দিবস উপলক্ষে উপজেলা মুক্তিযোদ্ধা সন্তান কমান্ডের উদ্যোগে উপজেলা সদরে শোভাযাত্রা শেষে সাংবাদিকদের সঙ্গে আলাপ করেন সমশের মবিন চৌধুরী। পরে এ উপলক্ষে আয়োজিত আলোচনা সভায় তিনি প্রধান অতিথির বক্তব্য দেন।
সাংবাদিকদের সঙ্গে আলাপকালে সমশের মবিন চৌধুরী বলেন, ‘এই মুহূর্তে আমাদের আওয়ামী লীগের সঙ্গে জোটের কোনো কথাবার্তা হচ্ছে না। আমরা নিজের পায়ে দাঁড়িয়ে নির্বাচনে অংশ নেওয়ার প্রস্তুতি নিচ্ছি। তবে আওয়ামী লীগ মুক্তিযুদ্ধের চেতনার দল হওয়ায় তাদের কার্যক্রম তৃণমূল বিএনপি অনুসরণ করে। তবে নির্বাচনে তাদের সঙ্গে কোনো জোটে যাবে না।’
সমশের মবিন চৌধুরী বলেন, ‘৩০০ আসনে আমরা এককভাবে নির্বাচন করব। মানুষ ভোট দেবে ব্যক্তি দেখে, প্রতীক দেখে নয়। আমি একজন যুদ্ধাহত মুক্তিযোদ্ধা। দেশ স্বাধীন করতে গিয়ে বুলেটের আঘাতে মারাত্মক আহত হয়েছি। আমরা মানুষের মুক্তির জন্য দেশ স্বাধীন করেছি। কিন্তু মানুষের অধিকার পুরোপুরি প্রতিষ্ঠা হয়নি। বাজারে জিনিসপত্রের অগ্নিমূল্য। রাস্তায় কাজ করলে ঠিকাদারেরা লুটপাট করে।’
সমশের আরও বলেন, মানুষ এখন স্বাধীনভাবে কথা বলতে পারেন না। ভোটের অধিকার প্রতিষ্ঠা করতে হবে। মানুষ যাতে ভোটকেন্দ্রে গিয়ে লাইনে দাঁড়িয়ে নির্বিঘ্নে ভোট দিতে পারেন, সেই ব্যবস্থা করতে হবে। ভোটের দিন ভোটকেন্দ্র প্রহরা দিতে হবে। এ সময় তিনি নির্বাচন অবাধ ও সুষ্ঠু হবে বলে প্রত্যাশা করেন।
উপজেলা মুক্তিযোদ্ধা সংসদের সাবেক কমান্ডার শফিকুর রহমানের সভাপতিত্বে এবং গোলাম দস্তগীর খান ওরফে ছামিনের সঞ্চালনায় আলোচনা সভায় বীর মুক্তিযোদ্ধা সেলিম আহমদ ফলিক, বীর মুক্তিযোদ্ধা আকমল আলী, উপজেলা সহকারী কমিশনার (ভূমি) অভিজিৎ চৌধুরী, সমাজসেবা কর্মকর্তা নুরুল হক, উপজেলা আওয়ামী লীগের সহসভাপতি জিল্লুর রহমান, কাউন্সিলর ফজলুল আলম, মঞ্জিল আহমদ, জহিরুল ইসলাম প্রমুখ বক্তব্য দেন।"
গাজীপুরে বিএনপির নেতা-কর্মীদের বিরুদ্ধে ইফতারে বাধা দেওয়ার অভিযোগ জামায়াতের,"গাজীপুরের কালীগঞ্জে বিএনপির নেতা-কর্মীদের বিরুদ্ধে ইফতার মাহফিলে বাধা দেওয়ার অভিযোগ করেছে জামায়াতে ইসলামী। এ সময় দুই পক্ষের সংঘর্ষে অন্তত ১০ জন আহত হয়েছেন।
গতকাল বৃহস্পতিবার রাত সাড়ে আটটার দিকে উপজেলার বাহাদুরসাদী ইউনিয়নের খলাপাড়া খাজা মার্কেট এলাকায় এ ঘটনা ঘটে।
আহত ব্যক্তিদের মধ্যে জামায়াতের দুই কর্মীকে উন্নত চিকিৎসার জন্য গাজীপুর সদরে পাঠানো হয়েছে। তাঁরা হলেন ঈশ্বরপুর এলাকার আসলাম (২৬) ও খলাপাড়া এলাকার হাফিজ উদ্দিন (৩৫)। এ ছাড়া জামায়াতের আর তিন কর্মীকে প্রাথমিক চিকিৎসা দেওয়া হয়েছে। তাঁরা হলেন খলাপাড়া এলাকার মোবারক সরকার (২৬), কাজী আবদুল্লাহ (২৪) এবং দক্ষিণ খলাপাড়ার আজিজুল হক (৪১)। এ ঘটনায় জামায়াতের এক নেতা বাদী হয়ে থানায় মামলা করেন।
উপজেলার বিভিন্ন স্থানে নিয়মিত আয়োজনের অংশ হিসেবে গতকাল খলাপাড়া খাজা মার্কেট এলাকায় একটি ইফতার মাহফিলের আয়োজন করে জামায়াতে ইসলামী। বাহাদুরসাদী ইউনিয়ন জামায়াতে ইসলামীর যুব বিভাগের সমাজকল্যাণ সম্পাদক সুমন মিয়া জানান, ইফতারের আগে স্থানীয় বিএনপির কর্মী আপেল, নুর ইসলাম, আকরামসহ ১০ থেকে ১৫ জন সেখানে গিয়ে জানান, এলাকাটিতে কোনো ইফতার মাহফিল করা যাবে না। এরপর কথা-কাটাকাটির একপর্যায়ে তাঁরা ইফতারের খাবার ফেলে দেন এবং কিছু খাবার নিয়ে চলে যান। জামায়াতের কর্মীরা অন্য স্থানে ইফতার ও নামাজ শেষে বিষয়টি নিয়ে আলোচনা করতে গেলে তাঁদের ওপর অতর্কিত হামলা চালান বিএনপির কর্মীরা।
এ বিষয়ে বাহাদুরসাদী ইউনিয়ন বিএনপির সভাপতি জয়নাল আবেদীন বলেন, ‘কেউ যদি আমাদের কর্মী-সমর্থকদের বাড়িতে হামলা চালান, তাহলে কি আমরা রক্ষা করব না? জামায়াতের নেতা-কর্মীরা আমাদের কর্মী-সমর্থকদের বাড়িতে হামলা চালিয়েছেন, এতে আমাদের প্রায় সাত থেকে আটজন আহত হয়েছেন।’ তবে তাৎক্ষণিক তিনি আহত ব্যক্তিদের নাম-পরিচয় দিতে পারেননি।
কালীগঞ্জ স্বাস্থ্য কমপ্লেক্সের চিকিৎসক তারিকুল ইসলাম জানান, গতকাল রাত ৯টার দিকে জামায়াতের পাঁচজন কর্মীকে আহত অবস্থায় হাসপাতালে আনা হয়েছিল। তাঁদের প্রাথমিক চিকিৎসা দেওয়া হয়েছে। দুজনকে গাজীপুরের শহীদ তাজউদ্দীন আহমদ মেডিকেল কলেজ হাসপাতালে পাঠানো হয়েছে।
এ ঘটনায় জামায়াতের স্থানীয় নেতা সোহরাব হোসেন বাদী হয়ে কালীগঞ্জ থানায় একটি মামলা করেছেন। বিষয়টি নিশ্চিত করে কালীগঞ্জ থানার ভারপ্রাপ্ত কর্মকর্তা মো. আলাউদ্দিন বলেন, আসামিদের গ্রেপ্তারের চেষ্টা চলছে।"
বামনায় বিএনপির বিক্ষোভ সমাবেশে ছাত্রলীগ–যুবলীগের বাধার অভিযোগ,"বরগুনার বামনা উপজেলা বিএনপির বিক্ষোভ সমাবেশে ছাত্রলীগ ও যুবলীগ বাধা দিয়েছে বলে অভিযোগ পাওয়া গেছে। তবে বাধা উপেক্ষা করেই উপজেলা বিএনপির নেতারা বিক্ষোভ সমাবেশ করেছেন।
আজ শনিবার বেলা ১১টার দিকে হাসপাতাল সড়কে উপজেলা বিএনপির আহ্বায়ক আবুল কালাম আজাদের ব্যক্তিগত কার্যালয়ের সামনে এ সমাবেশ হয়। বিক্ষোভ চলাকালে যুবলীগ ও ছাত্রলীগের নেতা-কর্মীরা দলীয় স্লোগান দিয়ে মোটরসাইকেল বহর নিয়ে সেখানে গিয়ে সমাবেশ বন্ধ করতে বলেন। এ সময় দুই পক্ষই মারমুখী অবস্থান নিলে পুলিশ দুই পক্ষকে সরিয়ে দিয়ে পরিবেশ শান্ত করে।
জ্বালানি তেল, পরিবহন ভাড়া বৃদ্ধিসহ নিত্যপ্রয়োজনীয় সব পণ্যের লাগামহীন মূল্যবৃদ্ধি এবং দেশব্যাপী বিএনপি নেতা-কর্মীদের হত্যা-নির্যাতনের প্রতিবাদে কেন্দ্রীয় কর্মসূচির অংশ হিসেবে বামনায় এ বিক্ষোভ সমাবেশ আহ্বান করে বিএনপি। এদিকে এই কর্মসূচিকে ‘বিএনপির নৈরাজ্য’ দাবি করে উপজেলা ছাত্রলীগ আজ একই সময়ের পাল্টা প্রতিবাদ কর্মসূচি আহ্বান করে। হাসপাতাল সড়ক থেকে ছাত্রলীগের মোটরসাইকেল মহড়া যাওয়ার সময় উভয় পক্ষের মধ্যে হাতাহাতির ঘটনা ঘটে।
বামনা উপজেলা বিএনপির আহ্বায়ক আবুল কালাম আজাদ প্রথম আলোকে বলেন, ‘আমরা বিক্ষোভ কর্মসূচির ডাক দিলে সরকারি দল সেটা বানচাল করতে পাল্টা কর্মসূচি দেয়। প্রথমে আমাদের কর্মসূচি কলেজ রোডের দলীয় কার্যালয়ে করার কথা ছিল। প্রশাসন সেখানে কর্মসূচি করতে দেয়নি। আমি বাধ্য হয়ে আমার নিজের বাসার সামনে নিজের জমিতে বিক্ষোভ করেছি। সেখানেও ছাত্রলীগ মোটরসাইকেল মহড়া দিয়ে কর্মসূচিতে হামলা করেছে। তাদের হামলায় আমাদের কয়েকজন আহত হয়েছেন। তাদের বাধা উপেক্ষা করে আমরা বিক্ষোভ সমাবেশ করেছি।’
অভিযোগের বিষয়ে জানতে চাইলে বামনা উপজেলা ছাত্রলীগ সভাপতি মোর্শ্বেদ শাহরিয়া গোলদার দাবি করেন, সমাবেশস্থল থেকে তাদের মহড়া নিয়ে যাওয়ার সময় বিএনপি নেতা-কর্মীরা সড়কে যান চলাচল বন্ধ করে বিক্ষোভ চালান। গুরুত্বপূর্ণ বামনা হাসপাতাল সড়কটির যান চলাচল স্বাভাবিক করার জন্য বিএনপির কর্মীদের অনুরোধ করলেও তাঁরা সড়ক আটকে রাখেন। এ সময় তাঁদের সঙ্গে হাতাহাতির ঘটনা ঘটে। এতে ছাত্রলীগের কয়েকজন নেতা-কর্মী আহত হন।
বামনা থানার ভারপ্রাপ্ত কর্মকর্তা (ওসি) মো. বশিরুল আলম বলেন, বিএনপির সমাবেশের পাশ দিয়ে ছাত্রলীগ ও যুবলীগের মিছিল যাওয়ার সময় দুই পক্ষের মধ্যে উত্তেজনা ছড়ায়। তবে কোনো হামলা বা মারধরের ঘটনা ঘটেনি। একই সময়ে দুই দল কর্মসূচি দেওয়ায় অপ্রীতিকর ঘটনা এড়াতে বিভিন্ন স্থানে অতিরিক্ত পুলিশ মোতায়েন করা হয়।"