title,cluster,content
শেখ হাসিনাকে ফেরত আনতে যেসব ব্যবস্থা নেওয়া হচ্ছে,1,"আইন উপদেষ্টা অধ্যাপক আসিফ নজরুল বলেছেন, জুলাই গণ-অভ্যুত্থানের সময় সংঘটিত মানবতাবিরোধী অপরাধের দায়ে মৃত্যুদণ্ডপ্রাপ্ত ক্ষমতাচ্যুত সাবেক প্রধানমন্ত্রী শেখ হাসিনা এবং সাবেক স্বরাষ্ট্রমন্ত্রী আসাদুজ্জামান খানকে ফেরানোর জন্য ভারতকে চিঠি দেওয়া হচ্ছে। একই সঙ্গে সাজাপ্রাপ্ত এই ব্যক্তিদের দেশে ফেরানোর জন্য আন্তর্জাতিক অপরাধ আদালতে কোনো রকম ‘অ্যাপ্রোচ’ করা যায় কি না, সেটা বিচার-বিবেচনা করার জন্য অচিরেই সিদ্ধান্ত নেওয়া হবে।
অন্তর্বর্তী সরকারের উপদেষ্টা পরিষদের বৈঠকের পর আজ বৃহস্পতিবার বিকেলে রাজধানীর ফরেন সার্ভিস একাডেমিতে বৈঠকের সিদ্ধান্ত জানাতে আয়োজিত সংবাদ সম্মেলনে এ কথা বলেন আইন উপদেষ্টা আসিফ নজরুল। এ সময় উপস্থিত ছিলেন প্রধান উপদেষ্টার প্রেস সচিব শফিকুল আলম।
আইন উপদেষ্টা বলেন, মানবতাবিরোধী অপরাধের জন্য মৃত্যুদণ্ডপ্রাপ্ত আওয়ামী লীগ সভাপতি শেখ হাসিনা এবং সাবেক স্বরাষ্ট্রমন্ত্রী আসাদুজ্জামান খানের প্রত্যর্পণের জন্য (ভারতের কাছে) চিঠি দেওয়া হচ্ছে। যেহেতু তাঁরা এখন সাজাপ্রাপ্ত, কাজেই সরকার মনে করে ভারতের এখন বাড়তি দায়িত্ব রয়েছে তাঁদের ফেরত দেওয়ার জন্য। বাংলাদেশের মানুষের বিচারের আকাঙ্ক্ষা পূরণ করার জন্য ভারত যেন প্রত্যর্পণ চুক্তি অনুযায়ী তার দায়িত্ব পালন করে, সেটি স্মরণ করিয়ে ভারতকে চিঠি দেওয়া হচ্ছে। একই সঙ্গে এই সাজাপ্রাপ্ত ব্যক্তিদের দেশে ফেরানোর জন্য আন্তর্জাতিক অপরাধ আদালতে কোনো রকম অ্যাপ্রোচ করতে পারেন কি না, সেটা বিচার-বিবেচনা করার জন্য অচিরেই সিদ্ধান্ত নেওয়া হবে।
জুলাই আন্দোলনের সময়ে সংঘটিত মানবতাবিরোধী অপরাধের মামলায় দোষী সাব্যস্ত করে ১৭ নভেম্বর আন্তর্জাতিক অপরাধ ট্রাইব্যুনাল ক্ষমতাচ্যুত প্রধানমন্ত্রী শেখ হাসিনাকে মৃত্যুদণ্ডের সাজা দেন। তাঁর সঙ্গে মৃত্যুদণ্ড দেওয়া হয়েছে তাঁর সরকারের স্বরাষ্ট্রমন্ত্রী আসাদুজ্জামান খানকে। আর পাঁচ বছরের কারাদণ্ডাদেশ হয়েছে অন্য আসামি সাবেক পুলিশপ্রধান চৌধুরী আবদুল্লাহ আল-মামুনের।
গণভোটে আইন ও তত্ত্বাবধায়ক সরকার প্রসঙ্গ
সংবিধানে তত্ত্বাবধায়ক সরকারব্যবস্থা অন্তর্ভুক্ত করে আনা ত্রয়োদশ সংশোধনী বাতিল করে ১৪ বছর আগে দেওয়া রায় পুরোটাই বাতিল করেছেন আপিল বিভাগ। ওই রায়ের বিরুদ্ধে করা আপিল মঞ্জুর ও এ-সংক্রান্ত রিভিউ (পুনর্বিবেচনা) আবেদন নিষ্পত্তি করে আজ বৃহস্পতিবার রায় দেন দেশের সর্বোচ্চ আদালত। রায়ে বলা হয়, নির্দলীয় তত্ত্বাবধায়ক সরকার-সম্পর্কিত বিধানাবলি এ রায়ের মাধ্যমে পুনরুজ্জীবিত ও সক্রিয় করা হলো। নির্দলীয় তত্ত্বাবধায়ক সরকারসংক্রান্ত বিধানাবলি ভবিষ্যৎ প্রয়োগ যোগ্যতার ভিত্তিতেই কার্যকর হবে বলে রায়ে এসেছে।
এ বিষয়ে সংবাদ সম্মেলনে আইন উপদেষ্টা বলেন, আজকে একটি ঐতিহাসিক রায় হয়েছে। দীর্ঘদিন সংগ্রাম করার পর তত্ত্বাবধায়ক সরকার পাওয়া গিয়েছিল। এটি ভোটের নিশ্চয়তা দিয়েছিল। তত্ত্বাবধায়ক সরকারের আমলে কয়েকটি সুষ্ঠু নির্বাচন দেখা গিয়েছিল। ক্ষমতাসীন দল পরাজিত হতো। এটা স্বাভাবিক মনে হতো। কিন্তু দুর্ভাগ্যজনকভাবে সাবেক একজন বিচারপতির নেতৃত্বে রায় দিয়ে এটিকে অবৈধ ঘোষণা করা হয়েছিল। তারপর এর সুযোগ নিয়ে তৎকালীন আওয়ামী লীগ সরকার পঞ্চদশ সংশোধনীর মাধ্যমে এটিকে বাতিল করে।
অধ্যাপক আসিফ নজরুল বলেন, প্রথমে পঞ্চদশ সংশোধনী অবৈধ ঘোষিত হয়েছে মাস দু-এক আগে এক রায়ে। আর আজকে সাবেক প্রধান বিচারপতি খায়রুল হক অত্যন্ত প্রশ্নবিদ্ধভাবে তত্ত্বাবধায়ক সরকার অবৈধ বলে যে রায় দিয়েছিলেন, সেটা বাতিল হয়েছে।
এ প্রসঙ্গে আইন উপদেষ্টা আরও বলেন, এ মুহূর্তে তত্ত্বাবধায়ক সরকার পুনরুজ্জীবিত হয়েছে বলতে পারি। কিন্তু এটা কার্যকর হবে আগামী জাতীয় সংসদ নির্বাচনের পরে। কারণ, সংসদ ভেঙে যাওয়ার পর তত্ত্বাবধায়ক সরকার হয়। এখন সংসদের অস্তিত্ব নেই। উচ্চ আদালতের নির্দেশ মোতাবেক আগামীতে যে সংসদ গঠিত হবে, সেই সংসদ যখন ভেঙে যাবে, তারপর ১৫ দিনের মধ্যে তত্ত্বাবধায়ক সরকার গঠিত হবে।
গণভোট করার জন্য আইন করার প্রয়োজনীয়তা রয়েছে। এ বিষয়ে আইন উপদেষ্টা বলেন, গণভোটের বিষয়ে অধ্যাদেশ সরকার দ্রুত করতে যাচ্ছে। আগামী তিন-চার কার্যদিবসের মধ্যে এটি হয়ে যাবে বলে আশা প্রকাশ করেন তিনি।"
হাসিনাকে ফেরত চেয়ে বাংলাদেশের দেওয়া চিঠি পরীক্ষা করে দেখছে ভারত: রণধীর জয়সোয়াল,1,"ক্ষমতাচ্যুত প্রধানমন্ত্রী শেখ হাসিনাকে ফেরত চেয়ে বাংলাদেশের দেওয়া চিঠি পরীক্ষা করে দেখছে ভারত। আজ বুধবার ভারতের পররাষ্ট্র মন্ত্রণালয়ের মুখপাত্র রণধীর জয়সোয়াল রাজধানী নয়াদিল্লিতে সংবাদ ব্রিফিংয়ে এ কথা বলেছেন।
ব্রিফিংয়ে এক সাংবাদিকের প্রশ্নের জবাবে জয়সোওয়াল বলেন, ‘চলমান বিচারিক ও অভ্যন্তরীণ আইনি প্রক্রিয়ার অংশ হিসেবে অনুরোধটি (চিঠি) পরীক্ষা করে দেখা হচ্ছে। আমরা শান্তি, গণতন্ত্র, অন্তর্ভুক্তি এবং স্থিতিশীলতাসহ বাংলাদেশের জনগণের সর্বোত্তম স্বার্থের বিষয়ে অঙ্গীকারবদ্ধ। এ লক্ষ্য অর্জনে আমরা অব্যাহতভাবে সব অংশীজনের সঙ্গে গঠনমূলকভাবে যুক্ত থাকব।’
নয়াদিল্লিকে দেওয়া চিঠির বিষয়ে আজ পররাষ্ট্র উপদেষ্টা মো. তৌহিদ হোসেন বলেন, শেখ হাসিনাকে ফেরত চেয়ে পাঠানো চিঠির জবাব এখনো আসেনি। আজ দুপুরে পররাষ্ট্র মন্ত্রণালয়ে সাংবাদিকদের প্রশ্নের জবাবে তিনি এ খবর জানান।
কোন প্রক্রিয়ায় ভারতে চিঠি পাঠানো হয়েছে, সে প্রশ্নের জবাবে পররাষ্ট্র উপদেষ্টা সাংবাদিকদের বলেন, ‘নোট ভারবাল (কূটনৈতিক পত্র) আমাদের মিশনের মাধ্যমে ওদের (ভারতের) পররাষ্ট্র মন্ত্রণালয়ে পাঠানো হয়েছে। কোনো উত্তর আসেনি। এত তাড়াতাড়ি উত্তর আশাও করি না আমরা।’
গত বছর ছাত্র-জনতার অভ্যুত্থানের মুখে ভারতে পালিয়ে যান শেখ হাসিনা। এরপর তাঁকে প্রত্যর্পণের অনুরোধ জানিয়ে বাংলাদেশ দুই দফায় চিঠি দিলেও সাড়া দেয়নি ভারত। এর মধ্যে ১৭ নভেম্বর আন্তর্জাতিক অপরাধ ট্রাইব্যুনাল গত বছরের ওই আন্দোলনের সময় সংঘটিত হত্যাকাণ্ডের ঘটনায় মানবতাবিরোধী অপরাধে দোষী সাব্যস্ত করে শেখ হাসিনা ও সাবেক স্বরাষ্ট্রমন্ত্রী আসাদুজ্জামান খানকে মৃত্যুদণ্ড দেন।
এরপর শেখ হাসিনাকে হস্তান্তরের জন্য ভারতকে তৃতীয়বারের মতো চিঠি দেয় বাংলাদেশ। চিঠিতে বলা হয়, বিস্তারিত বিচারিক প্রক্রিয়া শেষে ১৭ নভেম্বর আন্তর্জাতিক অপরাধ ট্রাইব্যুনাল রায় দিয়েছেন। আদালত মানবতাবিরোধী অপরাধের দায়ে শেখ হাসিনাকে মৃত্যুদণ্ডে দণ্ডিত করেছেন। এরই পরিপ্রেক্ষিতে বাংলাদেশ দুই দেশের মধ্যে সই হওয়া প্রত্যর্পণ চুক্তি অনুযায়ী শেখ হাসিনাকে হস্তান্তরের জন্য ভারতকে আবার অনুরোধ জানাচ্ছে।
এই চিঠির কোনো জবাব নয়াদিল্লি না দিলেও শেখ হাসিনাকে মৃত্যুদণ্ড দিয়ে রায় ঘোষণার পর একটি বিবৃতি দিয়েছিল ভারতের পররাষ্ট্র মন্ত্রণালয়। তাতে বলা হয়েছিল, ‘নিকট প্রতিবেশী হিসেবে ভারত বাংলাদেশে শান্তি, গণতন্ত্র, অন্তর্ভুক্তি, স্থিতিশীলতাসহ বাংলাদেশের জনগণের সর্বোত্তম স্বার্থের বিষয়ে অঙ্গীকারবদ্ধ। এই লক্ষ্য অর্জনে আমরা সব সময় সব অংশীজনের সঙ্গে গঠনমূলকভাবে যুক্ত থাকব।’"
যে কারণে শেখ হাসিনাকে ফেরত দেবে না ভারত,1,"সাবেক প্রধানমন্ত্রী শেখ হাসিনাকে প্রত্যর্পণের অনুরোধ করে ভারতকে নোট ভারবাল (আনুষ্ঠানিক কূটনৈতিক বার্তা) পাঠিয়েছে বাংলাদেশ। আন্তর্জাতিক অপরাধ ট্রাইব্যুনাল (আইসিটি) শেখ হাসিনা ও সাবেক স্বরাষ্ট্রমন্ত্রী আসাদুজ্জামান খানকে তাঁদের অনুপস্থিতিতে মানবতাবিরোধী অপরাধের দায়ে মৃত্যুদণ্ড দিয়েছেন। রায়ের পাঁচ দিন পর ভারতকে তাঁদের প্রত্যর্পণের আনুষ্ঠানিক অনুরোধ পাঠানো হয়।
ঢাকার পক্ষ থেকে দিল্লির কাছে আনুষ্ঠানিক প্রত্যর্পণ অনুরোধ আসবে—এটা আগেই ধারণা করা হয়েছিল। ১৭ নভেম্বর রায় ঘোষণার পরপরই বাংলাদেশের অন্তর্বর্তী সরকার বেশ কড়া ভাষায় ভারতকে অভিযুক্ত ব্যক্তিদের প্রত্যর্পণের আহ্বান জানায়।
২০২৪ সালের ৫ আগস্ট আওয়ামী লীগ সরকার ক্ষমতাচ্যুত হওয়ার পর হাসিনা ভারতে পালিয়ে আসেন। তখন থেকেই তিনি ভারতে অবস্থান করছেন। সেখান থেকেই তিনি বিবৃতি দিচ্ছেন ও সংবাদমাধ্যমকে সাক্ষাৎকার দিচ্ছেন, যা বাংলাদেশের অন্তর্বর্তী সরকারের জন্য বিরক্তির কারণ হয়ে উঠেছে।
গত এক বছরে বাংলাদেশের অন্তর্বর্তী সরকার বারবার শেখ হাসিনাকে দেশে এনে বিচারের মুখোমুখি করার জন্য তাঁর প্রত্যর্পণের বিষয়টি উত্থাপন করেছে। তবে ভারত এসব অনুরোধের কোনো জবাব দেয়নি। ২০২৪ সালের ডিসেম্বরে ঢাকা ভারতের পররাষ্ট্র মন্ত্রণালয়ে প্রথম আনুষ্ঠানিক প্রত্যর্পণ অনুরোধ পাঠায়। ভারত জবাব দিয়েছিল, তবে শুধু নোট ভারবাল পাওয়ার বিষয়টি স্বীকার করার জন্য।
ঢাকার দ্বিতীয়বারের আনুষ্ঠানিক প্রত্যর্পণের অনুরোধের এখনো কোনো জবাব দেয়নি ভারত। গত সপ্তাহে ট্রাইব্যুনালের রায় ঘোষণার পর ভারতের বিবৃতি থেকে তাদের সম্ভাব্য অবস্থান সম্পর্কে কিছুটা ধারণা পাওয়া যায়।
এক বিবৃতিতে ভারতের পররাষ্ট্র মন্ত্রণালয় শুধু বলেছে, তারা রায়টি ‘খেয়াল করেছে’। বিবৃতিটিতে আরও বলা হয়, ‘ঘনিষ্ঠ প্রতিবেশী হিসেবে ভারত বাংলাদেশি জনগণের শান্তি, গণতন্ত্র, অন্তর্ভুক্তি ও স্থিতিশীলতার সর্বোত্তম স্বার্থে অঙ্গীকারবদ্ধ। এই লক্ষ্য অর্জনে আমরা সব পক্ষের সঙ্গে গঠনমূলকভাবে কাজ করে যাব’।
যদিও ভারতীয় পররাষ্ট্র মন্ত্রণালয় প্রত্যর্পণের অনুরোধ বিষয়ে একেবারেই কোনো মন্তব্য করেনি। এ মুহূর্তে দিল্লি এ বিষয়ে বিস্তারিত প্রতিক্রিয়া দেবে—এমন সম্ভাবনা কম। ভারতের স্বায়ত্তশাসিত থিঙ্ক ট্যাংক প্রতিষ্ঠান মনোহর পারিক্কর ইনস্টিটিউট ফর ডিফেন্স স্টাডিজ অ্যান্ড অ্যানালিসিসের (এমপি–আইডিএসএ) গবেষক স্মৃতি এস পট্টনায়কের মতে, বাংলাদেশের অন্তর্বর্তী সরকার ‘সীমিত কর্মপরিধি ও দায়িত্বসম্পন্ন একটি রূপান্তরকালীন সরকার। ভারত অপেক্ষা করবে, নির্বাচিত সরকার দায়িত্ব নেওয়ার পরই তারা দ্বিপক্ষীয় গুরুত্বপূর্ণ বিষয়গুলো নিয়ে আলোচনা করবে।’
বাংলাদেশে যাঁরা শেখ হাসিনার টানা ১৫ বছরের স্বৈরশাসনের সময় ভুগেছেন, কিংবা জুলাই-আগস্টের আন্দোলনে চরম সহিংসতায় স্বজন হারিয়েছেন—আইসিটির এই রায় ও শাস্তি একধরনের ন্যায়বিচারের স্বীকৃতি। তবে হাসিনা ভারতে অবস্থান করায় মৃত্যুদণ্ড কার্যকর করা সম্ভব নয়। তাই তাঁকে বাংলাদেশে ফিরিয়ে আনার বিষয়টি অনেক বাংলাদেশির কাছেই অত্যন্ত গুরুত্বপূর্ণ।
ভারত ও বাংলাদেশ ২০১৩ সালে একটি প্রত্যর্পণ চুক্তি সই করেছিল এবং বাংলাদেশের অন্তর্বর্তী সরকার এই চুক্তির আওতাতেই শেখ হাসিনার প্রত্যর্পণের জন্য চাপ দেবে। তবে ভারতে হাসিনাকে বাংলাদেশে ফেরত পাঠানোর পক্ষে সমর্থন খুবই কম। তাঁর মৃত্যুদণ্ড রায়ের পর এই সমর্থন আরও কমেছে। ভারতের প্রায় সব রাজনৈতিক দলই তাঁর প্রত্যর্পণের বিরুদ্ধে অবস্থান নিয়েছে।
এর মূল কারণ হলো ভারতের সঙ্গে আওয়ামী লীগ ও শেখ হাসিনার পরিবারের দীর্ঘদিনের ঘনিষ্ঠ সম্পর্ক। ১৯৭১ সালের মুক্তিযুদ্ধকে ভারত সমর্থন করেছিল, যেখানে বড় ভূমিকা রেখেছিলেন আওয়ামী লীগ ও হাসিনার বাবা শেখ মুজিবুর রহমান। ১৯৭৫ সালে মুজিবের হত্যার পর হাসিনা ও তাঁর বোন ভারতে আশ্রয় পান এবং সেখানে ছয় বছর অবস্থান করেন।
শেখ হাসিনা ও আওয়ামী লীগের সঙ্গে ভারতের আবেগপ্রবণ সম্পর্ক যেমন গুরুত্বপূর্ণ, তেমনই গুরুত্বপূর্ণ হলো হাসিনার শাসনামলে দুই দেশের মধ্যে গড়ে ওঠা দৃঢ় রাজনৈতিক, কূটনৈতিক, অর্থনৈতিক ও নিরাপত্তা সম্পর্ক। বাংলাদেশে অবস্থানকারী ইসলামপন্থী সংগঠন ও ভারতবিরোধী জঙ্গি গোষ্ঠীর বিরুদ্ধে তার কঠোর অবস্থান দিল্লিতে প্রশংসিত হয়েছিল।
ভারতের নিরাপত্তা উদ্বেগকে শেখ হাসিনা গুরুত্ব দিয়েছিলেন, এর ফলে ভারতও তাঁর স্বৈরশাসনকে শক্তভাবে সমর্থন করেছিল। বিশেষজ্ঞদের মতে, ভারতের এক ‘ঘনিষ্ঠ বন্ধু’কে মৃত্যুদণ্ডের মুখে ফেলে দেওয়ার জন্য প্রত্যর্পণ করা হলে ভারতের অন্যান্য মিত্রদের কাছেও বার্তা যাবে যে দিল্লি নির্ভরযোগ্য বন্ধু নয়।
২০১৩ সালের প্রত্যর্পণচুক্তিতে বলা আছে, কোনো পক্ষ অনুরোধ করলে দুই দেশকেই সহযোগিতা করতে হবে। তাহলে কি চুক্তির অধীন ভারতকে হাসিনাকে ফেরত পাঠাতেই হবে? প্রয়োজন নেই। চুক্তিতে এমন একটি ধারা আছে, যা বলে, অপরাধ যদি ‘রাজনৈতিক উদ্দেশ্যপ্রণোদিত’ হয়, তবে প্রত্যর্পণ প্রত্যাখ্যান করা যেতে পারে। যদিও সেখানে আরও বলা আছে যে হত্যা, খুন, ইচ্ছাকৃত হত্যা ইত্যাদি ‘রাজনৈতিক উদ্দেশ্যপ্রণোদিত অপরাধ’ হিসেবে গণ্য হবে না। কিন্তু হাসিনা এই অপরাধগুলোয় সরাসরি জড়িত, এটা প্রমাণ করা প্রায় অসম্ভব। ভারত আরও যুক্তি দিতে পারে যে হাসিনার বিচার সুষ্ঠু হয়নি এবং আইসিটি বেআইনি ও অসাংবিধানিক।
ধরে নেওয়া যাক ভারত ঢাকার অনুরোধে ইতিবাচক সাড়া দিল। তবু সামনে লম্বা ও জটিল প্রক্রিয়া অপেক্ষা করছে। এতে ভারতে পূর্ণাঙ্গ প্রত্যর্পণ বিচার অনুষ্ঠিত হবে, যেখানে হাসিনা তাঁর বিরুদ্ধে আনা অভিযোগের জবাব দেওয়ার সুযোগ পাবেন।
অর্থনৈতিক ও নিরাপত্তা—উভয় ক্ষেত্রেই বাংলাদেশে ভারতের স্বার্থ অনেক বড়। তাই আগামী বছরের ফেব্রুয়ারিতে নির্ধারিত নির্বাচনের মাধ্যমে বাংলাদেশে নতুন সরকার দায়িত্ব নেওয়া পর্যন্ত ভারত এ বিষয়ে স্পষ্ট কোনো অবস্থান নেবে না।
বাংলাদেশে রাজনৈতিক দলগুলো শিগগিরই তাদের নির্বাচনী প্রচার শুরু করবে। ভারতের প্রতিবেশী দেশগুলোর রাজনীতিতে ভোট পাওয়ার জন্য ভারতবিরোধী মনোভাব উসকে দেওয়ার কৌশল বহুদিনের এবং বাংলাদেশও এর ব্যতিক্রম নয়। তাই নির্বাচনী প্রচারে বাংলাদেশি দলগুলো ভারতের প্রতি হাসিনার সমর্থন এবং তাঁকে প্রত্যর্পণে ভারতের অনীহাকে লক্ষ্য করে সমালোচনা করবে—এটাই স্বাভাবিক।
গত বছর হাসিনা ক্ষমতাচ্যুত হওয়ার পর থেকেই ভারত-বাংলাদেশ সম্পর্ক টানাপোড়েনে আছে। আর এ ইস্যুকে ঘিরে সেই সম্পর্কের আরও অবনতি ঘটার আশঙ্কা রয়েছে।
সুধা রামচন্দ্রনদ্য ডিপ্লোম্যাটের দক্ষিণ এশিয়া সম্পাদক
দ্য ডিপ্লোম্যাট থেকে নেওয়া, ইংরেজি থেকে সংক্ষিপ্তাকারে অনূদিত"
"হাসিনাকে ফেরত দিয়ে বাংলাদেশের সঙ্গে আবার সম্পর্ক শুরু করবে ভারত, আশা নাহিদ ইসলামের",1,"জাতীয় নাগরিক পার্টির (এনসিপি) আহ্বায়ক নাহিদ ইসলাম বলেছেন, বাংলাদেশ-ভারত বন্দী প্রত্যর্পণ চুক্তির আওতায় মানবতাবিরোধী অপরাধী শেখ হাসিনাকে বাংলাদেশ সরকার ফেরত চাইতে পারে। ভারত সেখানে বাধা দিতে পারে না। তিনি বলেন, ‘আমরা আশা করব, শেখ হাসিনাকে ফেরত দিয়ে ভারত বাংলাদেশের সঙ্গে সম্পর্ক স্থাপন করবে।’
আজ শনিবার সন্ধ্যা ছয়টার দিকে রাজধানীর জাতীয় প্রেসক্লাবের সামনে এক সংক্ষিপ্ত সমাবেশে এ কথা বলেন নাহিদ ইসলাম। জুলাই গণহত্যার দায়ে দণ্ডিত ব্যক্তিদের সাজা কার্যকর এবং দল হিসেবে কার্যক্রম নিষিদ্ধ আওয়ামী লীগ ও দলটির জোটসঙ্গীদের বিচারের দাবিতে গণমিছিল ও সমাবেশের আয়োজন করে এনসিপি ঢাকা মহানগর।
সমাবেশ এনসিপির আহ্বায়ক নাহিদ ইসলাম বলেন, ‘শেখ হাসিনার ফাঁসির রায় কার্যকরের মধ্য দিয়ে মানুষ ইনসাফ পাবে। এই রায় কোনো রাজনৈতিক প্রতিশোধ নয়; শেখ হাসিনার ফাঁসির রায় বাংলাদেশের মজলুম নির্যাতিত জনগণের প্রতি ন্যায়বিচার। আমরা সেই ন্যায়বিচারের জন্য জুলাই-আগস্টে রাজপথে নেমেছিলাম।’
শেখ হাসিনাকে ভারত থেকে ফিরিয়ে আনতে যত ধরনের কূটনৈতিক ও রাজনৈতিক তৎপরতার প্রয়োজন, অন্তর্বর্তী সরকার অবিলম্বে তা শুরু করবে বলে আশা প্রকাশ করেন নাহিদ ইসলাম।
অন্তর্বর্তী সরকারের কাছে তিনটি দাবি জানান এনসিপির আহ্বায়ক। এর মধ্যে রয়েছে, শেখ হাসিনাকে দেশে ফিরিয়ে এনে দ্রুত ফাঁসির রায় কার্যকর করা; দল হিসেবে আওয়ামী লীগের বিচার এবং জাতীয় পার্টিসহ আওয়ামী সহযোগী দলগুলোকে বিচারের আওতায় আনা।
ভারত শেখ হাসিনাকে জায়গা দিয়ে বাংলাদেশের বিরুদ্ধে ষড়যন্ত্র অব্যাহত রেখেছে বলে মনে করেন নাহিদ ইসলাম। তিনি বলেন, ‘ভারত সরকারের প্রতি আমাদের আহ্বান থাকবে, যদি বাংলাদেশের সঙ্গে সত্যিকারার্থে সম্পর্ক করতে চান, যদি চান বাংলাদেশের জনগণ আপনাদের প্রতি সুসম্পর্ক বজায় রাখবে; তাহলে অবিলম্বে শেখ হাসিনাকে দেশে পাঠানোর ব্যবস্থা করুন।’
জাতীয় পার্টির নামে আওয়ামী লীগ পুনর্বাসনের ষড়যন্ত্র ও পরিকল্পনা চলছে বলেও অভিযোগ করেন এনসিপির আহ্বায়ক। তিনি প্রশ্ন তোলেন, ৫ আগস্টের পর জাতীয় ঐকমত্য কমিশনের আলোচনা ও নির্বাচন কমিশনের সংলাপে জাতীয় পার্টি ও ১৪ দলকে রাখা হয়নি, তাহলে কিসের ভিত্তিতে তারা নির্বাচনে অংশ নেবে।
যে আওয়ামী লীগ ও শেখ হাসিনা বাংলাদেশে গণহত্যা চালিয়েছে, সেই হাসিনাকে ভারত আশ্রয় দিয়ে বাংলাদেশের বিরুদ্ধে অবস্থান নিয়েছে বলে মন্তব্য করেন এনসিপির সদস্যসচিব আখতার হোসেন। তিনি বলেন, ‘ভারত সরকার তাদের দেশের নাগরিকদের জোরপূর্বক পুশ ইন করছে (ঠেলে পাঠাচ্ছে)। ভারতীয় মুসলিম নাগরিকদের বাংলাদেশে পাঠিয়ে দিচ্ছে। আমরা ভারত সরকারকে বলতে চাই, নিজের দেশের নাগরিকদের নয়, পুশ ইন করতে হলে অতিদ্রুত হাসিনাকে পুশ ইন করুন।’
সমাবেশে এনসিপির মুখ্য সমন্বয়ক নাসীরুদ্দীন পাটওয়ারী বলেন, ‘আমাদের দাবি পরিষ্কার—শেখ হাসিনার ফাঁসির রায় হয়েছে। তিনি আওয়ামী লীগের প্রধান থেকে খুনের নির্দেশ দিয়েছেন। তাই দল হিসেবে এখন আওয়ামী লীগকে নিষিদ্ধ করতে হবে। একই সঙ্গে তাদের সহযোগী জাতীয় পার্টিসহ বিভিন্ন গৃহপালিত দলকেও নিষিদ্ধ করতে হবে।’
শেখ হাসিনার ফাঁসির রায়ের পর তাঁর পক্ষে যেসব বিশ্ববিদ্যালয় শিক্ষক বিবৃতি দিয়েছেন, তাঁদের বিশ্ববিদ্যালয় থেকে বের করে দেওয়ার জন্য শিক্ষার্থীদের প্রতি আহ্বান জানান এই এনসিপি নেতা।
এনসিপির জ্যেষ্ঠ যুগ্ম আহ্বায়ক সামন্তা শারমিন বলেন, ‘শেখ হাসিনার ফাঁসির রায় হয়েছে। আমরা পরিষ্কার করে বলতে চাই, ইন্ডিয়া নয় শুধু, পৃথিবীর কোনো দেশ হাসিনার রায় কার্যকর হওয়াকে ঠেকাতে পারবে না।’ বাংলাদেশে আওয়ামী লীগ এবং তাদের সহযোগী জাতীয় পার্টি ও ১৪ দলের কোনো জায়গা হবে না বলেও মন্তব্য করেন তিনি।
এনসিপির জ্যেষ্ঠ যুগ্ম সদস্যসচিব তাসনিম জারা বলেন, ‘আমরা হাসিনার বিচারের রায় পেয়েছি, কিন্তু রায় বাস্তবায়ন কবে? যারা এ খুনে হাসিনাকে সহযোগিতা করেছে, তাদের বিচার কবে? আমরা তাদের বিচার করেই ছাড়ব।’
সমাবেশে অন্যদের মধ্যে বক্তব্য দেন এনসিপির ঢাকা মহানগর উত্তরের আহ্বায়ক আরিফুল ইসলাম আদীব, এনসিপির নেতা এস এম শাহরিয়ার, জাতীয় শ্রমিক শক্তির আহ্বায়ক মাজহারুল ইসলাম, জাতীয় যুবশক্তির আহ্বায়ক তারিকুল ইসলাম, জাতীয় ছাত্রশক্তির সাধারণ সম্পাদক আবু বাকের মজুমদার।
সমাবেশের আগে বিকেল সোয়া চারটায় রাজধানীর ইস্কাটন গার্ডেন রোডের মাথা থেকে গণমিছিল বের করেন এনসিপির নেতা-কর্মীরা। মিছিলটি শাহবাগ মোড় ঘুরে মৎস্য ভবনের সামনে দিয়ে জাতীয় প্রেসক্লাবের সামনে জড়ো হয়।
‘গৃহপালিত বিরোধী দলের বিচার করো’, ‘দল হিসেবে আওয়ামী লীগের বিচার করো’, ‘শ্রমিক হত্যার বিচার চাই’, ‘ব্যাংক লুটের বিচার চাই’—এমন বিভিন্ন লেখা-সংবলিত প্ল্যাকার্ড নিয়ে মিছিলে যোগ দেন এনসিপি, জাতীয় ছাত্রশক্তি, শ্রমিক শক্তি ও যুবশক্তির নেতা-কর্মী।
এদিকে এনসিপির গণমিছিল শুরু হলে রাজধানীর কারওয়ান বাজার, বাংলামোটর, শাহবাগ ও প্রেসক্লাব পর্যন্ত সড়কে যানজটের সৃষ্টি হয়। এতে ভোগান্তিতে পড়েন এই পথের যাত্রীরা।"
এবার গুমের মামলায় শেখ হাসিনাসহ ২৮ আসামিকে গ্রেপ্তারে পরোয়ানা,1,"জুলাই হত্যাকাণ্ডের বিচার তো চলছেই, এবার গুমের মামলায়ও শেখ হাসিনার বিরুদ্ধে গ্রেপ্তারি পরোয়ানা জারি হলো।
আওয়ামী লীগের দেড় দশকের শাসনকালে গুমের মাধ্যমে সংঘটিত মানবতাবিরোধী অপরাধের আলাদা দুটি মামলায় আজ বুধবার শেখ হাসিনার বিরুদ্ধে গ্রেপ্তারি পরোয়ানা জারি করেছেন আন্তর্জাতিক অপরাধ ট্রাইব্যুনাল-১।
বিচারপতি মো. গোলাম মর্তূজা মজুমদার নেতৃত্বাধীন এই ট্রাইব্যুনালে সদস্য রয়েছেন বিচারপতি মো. শফিউল আলম মাহমুদ ও বিচারক মো. মোহিতুল হক এনাম চৌধুরী।
উভয় মামলায় শেখ হাসিনাসহ ২৮ আসামির বিরুদ্ধে গ্রেপ্তারি পরোয়ানা জারি হয়েছে। তাঁদের মধ্যে সাবেক স্বরাষ্ট্রমন্ত্রী আসাদুজ্জামান খান, সাবেক প্রধানমন্ত্রীর প্রতিরক্ষাবিষয়ক উপদেষ্টা মেজর জেনারেল (অব.) তারিক আহমেদ সিদ্দিক রয়েছেন। বাকি আসামিদের অধিকাংশই সাবেক ও বর্তমান সেনা কর্মকর্তা।
ট্রাইব্যুনালে গুমের দুটি মামলার আনুষ্ঠানিক অভিযোগ দাখিল করে প্রসিকিউশন (রাষ্ট্রপক্ষ)। পরে চিফ প্রসিকিউটর মোহাম্মদ তাজুল ইসলাম দুটি অভিযোগ ট্রাইব্যুনালে উপস্থাপন করেন এবং তা আমলে নিয়ে পরোয়ানা জারির আবেদন করেন। ট্রাইব্যুনাল তাঁর আবেদন মঞ্জুর করেন।
সকালেই ট্রাইব্যুনালে আনুষ্ঠানিক অভিযোগ দাখিলের পর প্রসিকিউটর গাজী মোনাওয়ার হুসাইন তামীম সাংবাদিকদের জানিয়েছিলেন, গুমের একটি মামলায় শেখ হাসিনা, তাঁর প্রতিরক্ষাবিষয়ক উপদেষ্টা তারিক আহমেদ সিদ্দিকসহ ১৭ জনের বিরুদ্ধে আনুষ্ঠানিক অভিযোগ দাখিল করা হয়েছে। এতে মোট পাঁচটি অভিযোগ আনা হয়েছে।
এই মামলায় শেখ হাসিনার সঙ্গে আসাদুজ্জামান খান ও তারিক আহমেদ সিদ্দিক ছাড়াও আসামিরা হলেন সাবেক আইজিপি বেনজীর আহমেদ, র‍্যাবের সাবেক মহাপরিচালক এম খুরশিদ হোসেন, র‍্যাবের সাবেক মহাপরিচালক মো. হারুন-অর-রশিদ, র‍্যাবের সাবেক অতিরিক্ত মহাপরিচালক (অপস) কর্নেল আনোয়ার লতিফ খান, র‍্যাবের সাবেক অতিরিক্ত মহাপরিচালক (অপস) ব্রিগেডিয়ার জেনারেল মো. জাহাঙ্গীর আলম, র‍্যাবের সাবেক অতিরিক্ত মহাপরিচালক (অপস) ব্রিগেডিয়ার জেনারেল তোফায়েল মোস্তফা সারোয়ার, র‍্যাবের সাবেক অতিরিক্ত মহাপরিচালক (অপস) কর্নেল কে এম আজাদ, র‍্যাবের সাবেক অতিরিক্ত মহাপরিচালক (অপস) ব্রিগেডিয়ার জেনারেল মো. কামরুল হাসান, র‍্যাবের সাবেক অতিরিক্ত মহাপরিচালক (অপস) ব্রিগেডিয়ার জেনারেল মো. মাহাবুব আলম, র‍্যাবের সাবেক অতিরিক্ত মহাপরিচালক (অপস) কর্নেল আবদুল্লাহ আল মোমেন, র‍্যাবের সাবেক পরিচালক (ইন্টেলিজেন্স উইং) লেফটেন্যান্ট কর্নেল মো. সারওয়ার বিন কাশেম, র‍্যাবের সাবেক পরিচালক (ইন্টেলিজেন্স উইং) লেফটেন্যান্ট কর্নেল (অব.) মুহাম্মাদ খায়রুল ইসলাম, র‍্যাবের সাবেক পরিচালক (ইন্টেলিজেন্স উইং) লেফটেন্যান্ট কর্নেল মো. মশিউর রহমান জুয়েল এবং র‍্যাবের সাবেক পরিচালক (ইন্টেলিজেন্স উইং) লেফটেন্যান্ট কর্নেল সাইফুল ইসলাম সুমন।
দ্বিতীয় মামলায় শেখ হাসিনা, তারিক আহমেদ সিদ্দিকসহ আসামি ১৩ জন। এই মামলায়ও পাঁচটি অভিযোগ আনা হয়েছে আসামিদের বিরুদ্ধে।
এই মামলায় শেখ হাসিনা ও তারিক সিদ্দিকের সঙ্গে অন্য আসামিরা হলেন ডিজিএফআইয়ের সাবেক মহাপরিচালক লেফটেন্যান্ট জেনারেল (অব.) মো. আকবর হোসেন, ডিজিএফআইয়ের সাবেক মহাপরিচালক মেজর জেনারেল (অব.) মো. সাইফুল আবেদিন, ডিজিএফআইয়ের সাবেক মহাপরিচালক লেফটেন্যান্ট জেনারেল (অব.) মো. সাইফুল আলম, ডিজিএফআইয়ের সাবেক মহাপরিচালক লেফটেন্যান্ট জেনারেল (অব.) আহমেদ তাবরেজ শামস চৌধুরী, ডিজিএফআইয়ের সাবেক মহাপরিচালক মেজর জেনারেল (অব.) হামিদুল হক, ডিজিএফআইয়ের সিটিআইবির সাবেক পরিচালক মেজর জেনারেল (অব.) মোহাম্মদ তৌহিদুল উল ইসলাম, ডিজিএফআইয়ের সিটিআইবির সাবেক পরিচালক মেজর জেনারেল শেখ মো. সরওয়ার হোসেন, ডিজিএফআইয়ের সিটিআইবির সাবেক পরিচালক মেজর জেনারেল কবীর আহাম্মদ, ডিজিএফআইয়ের সিটিআইবির সাবেক পরিচালক ব্রিগেডিয়ার জেনারেল মো. মাহবুবুর রহমান সিদ্দিকী, ডিজিএফআইয়ের সিটিআইবির সাবেক পরিচালক ব্রিগেডিয়ার জেনারেল আহমেদ তানভির মাজাহার সিদ্দিকী এবং লেফটেন্যান্ট কর্নেল (অব.) মখছুরুল হক।
ছাত্র–জনতার অভ্যুত্থানে গত বছর শেখ হাসিনা সরকারের পতন ঘটে। তিনি পদত্যাগ করে ভারতে গিয়ে আশ্রয় নেন। এখনো সেখানেই রয়েছেন। তাঁর সরকারের মন্ত্রী আসাদুজ্জামান খানও রয়েছেন ভারতে। শেখ হাসিনার বোন শেখ রেহানার দেবর তারিক সিদ্দিকও বিদেশে রয়েছেন।
অভ্যুত্থানের পর গঠিত অন্তর্বর্তী সরকার শেখ হাসিনার শাসনামলে সংঘটিত মানবতাবিরোধী অপরাধের বিচার আন্তর্জাতিক অপরাধ ট্রাইব্যুনালে করার সিদ্ধান্ত নিয়ে এ আদালত সচল করে।
এরপর জুলাই আন্দোলনের সময় সংঘটিত হত্যাকাণ্ডের বিচার শুরু হয় গত আগস্ট মাসে। আওয়ামী লীগ সভাপতি শেখ হাসিনাকে পলাতক দেখিয়ে চলছে সেই মামলার বিচার। সেই মামলায় শেখ হাসিনার সঙ্গে আসামি হিসেবে আসাদুজ্জামান খান ছাড়াও রয়েছেন সাবেক পুলিশ মহাপরিদর্শক চৌধুরী আবদুল্লাহ আল–মামুন। তবে আল–মামুন পরে অ্যাপ্রুভার বা রাজসাক্ষী হন।
গুমের পাশাপাশি ২০১৩ সালে ঢাকার মতিঝিলের শাপলা চত্বরে হেফাজতে ইসলামের সমাবেশ ঘিরে সংঘটিত মানবতাবিরোধী অপরাধের বিচারও আন্তর্জাতিক অপরাধ ট্রাইব্যুনালেই হবে।"
শেখ হাসিনার সঙ্গে দেখা করতে তাঁর ছেলে সজীব ওয়াজেদ জয় ভারতে,1,"বাংলাদেশের ক্ষমতাচ্যুত প্রধানমন্ত্রী শেখ হাসিনার সঙ্গে দেখা করতে  ভারতে রয়েছেন তাঁর ছেলে সজীব ওয়াজেদ জয়। ভারতের নিরাপত্তা সংস্থাগুলোর একাধিক সূত্র ও দেশটিতে বসবাসরত বাংলাদেশ আওয়ামী লীগের একাধিক শীর্ষ নেতা বিষয়টি নিশ্চিত করেছেন।
সূত্রগুলো জানিয়েছে, ৬ জুন সজীব ওয়াজেদ জয় ভারতে আসেন। তার পরদিনই ছিল পবিত্র ঈদুল আজহা।মায়ের সঙ্গেই ঈদ উদ্‌যাপন করেছেন তিনি।
সূত্রগুলো বলছে, মায়ের সঙ্গে ঈদ উদ্‌যাপন করার জন্যই ভারতে এসেছেন সজীব ওয়াজেদ জয়। তাঁর এ সফর যতটা না রাজনৈতিক, তার থেকেও বেশি পারিবারিক।
বাংলাদেশে কার্যত নিষিদ্ধ আওয়ামী লীগের নেতারা জানিয়েছেন, সজীব ওয়াজেদ জয় যুক্তরাষ্ট্রে থাকেন, কিন্তু তাঁর বাংলাদেশি পাসপোর্ট ছিল। তবে বাংলাদেশের অন্তর্বর্তী সরকার ওই পাসপোর্ট বাতিল করে দেয়।
তাঁরা আরও জানান, সজীব ওয়াজেদ জয় সম্প্রতি যুক্তরাষ্ট্রের পাসপোর্ট পেয়েছেন। পাসপোর্ট হাতে পাওয়ার কয়েক দিন আগেই তিনি যুক্তরাষ্ট্রের গ্রিন কার্ড পান। গ্রিন কার্ড পাওয়ার পর থেকেই সজীব ওয়াজেদ জয়ের ভারত ভ্রমণ নিয়ে আলোচনা চলছিল। ভারতের সূত্রগুলোও এমন তথ্য দিয়েছে।
ভারতীয় নিরাপত্তা সংস্থার সূত্রগুলো জানাচ্ছে যে প্রাথমিকভাবে মাস কয়েক পরে সজীব ওয়াজেদ জয়ের ভারতে আসার কথা ছিল। পররাষ্ট্র মন্ত্রণালয়ও তাঁর ভারতে আসার ব্যাপারে সবুজসংকেত দিয়েছিল। তবে সেই সফর এগিয়ে এনে ৬ জুন দিল্লিতে আসেন সজীব ওয়াজেদ জয়।
নিরাপত্তা সংস্থার সূত্রগুলো বলছে, বিমানবন্দর থেকে যথাযথ নিরাপত্তা দিয়েই তাঁকে শেখ হাসিনা যে গোপন ঠিকানায় আছেন, সেখানে পৌঁছে দেওয়া হয়।ওই ঠিকানায় শেখ হাসিনার বোন শেখ রেহানাও রয়েছেন বলে নিশ্চিত করেছে আওয়ামী লীগের কয়েকটি সূত্র।
ভারতীয় নিরাপত্তা সংস্থার সূত্রগুলো এ-ও জানিয়েছে যে ভিভিআইপিদের যেভাবে পাইলট কারসহ সামরিক পোশাক পরিহিত নিরাপত্তারক্ষীদের ঘেরাটোপে নিয়ে যাওয়া হয়, ঠিক সেভাবে সজীব ওয়াজেদ জয়কে বিমানবন্দর থেকে নেওয়া হয়নি। তবে কড়া নিরাপত্তা ছিল, আর পুরোটাই করা হয়েছে অত্যন্ত গোপনে।
আবার শেখ হাসিনার মেয়ে সায়মা ওয়াজেদ পুতুলও কর্মসূত্রে দিল্লিতে থাকেন। তিনি বিশ্ব স্বাস্থ্য সংস্থা ডব্লিউএইচওর দক্ষিণ–পূর্ব এশিয়ার আঞ্চলিক পরিচালক। কিন্তু ভাইয়ের সঙ্গে তাঁর দেখা হয়েছে কি না, সেটা কোনো সূত্র থেকেই নিশ্চিত করা যায়নি।
আওয়ামী লীগের যেসব নেতা এখন ভারতে রয়েছেন, তাঁদের মধ্যে একাধিক জন বিবিসি বাংলাকে জানিয়েছেন যে সজীব ওয়াজেদ জয়ের এই ভারত সফর মূলত পারিবারিক।
এক শীর্ষ নেতা বলছিলেন, ‘মায়ের সঙ্গে এত মাস পর ছেলের দেখা হয়েছে। তাঁরা ঈদ কাটিয়েছেন একসঙ্গে, গত কয়েক দিন একসঙ্গেই আছেন। নিশ্চয়ই রাজনৈতিক আলোচনাও হয়েছে কিছু। তবে জয়ের এ সফর বেশিটাই পারিবারিক সফর।’
ওই নেতা আরও বলেন, ‘এই কয় দিনের মধ্যে নেত্রীর সঙ্গে কথা হয়নি। কিন্তু যখন কথা হবে, নিশ্চয়ই আমরা জানতে পারব যে তাঁদের দুজনের মধ্যে কী কী বিষয়ে আলোচনা হয়েছে। কিন্তু এখন তাঁরা পারিবারিক সময় কাটাচ্ছেন।’
গত বছরের ৫ আগস্ট ঢাকা থেকে বাংলাদেশ বিমানবাহিনীর উড়োজাহাজে চড়ে ভারতে পালিয়ে আসার পর থেকে দিল্লিতেই শেখ হাসিনার থাকার ব্যবস্থা করেছিল ভারত সরকার।
প্রথম দু-চার দিন শেখ হাসিনা ও তাঁর বোন শেখ রেহানাকে রাখা হয়েছিল দিল্লির উপকণ্ঠে গাজিয়াবাদের হিন্দন বিমানঘাঁটির টার্মিনাল বিল্ডিংয়ে, যেটির নিয়ন্ত্রণ ও পরিচালনার ভার দেশের বিমানবাহিনীর।
কিন্তু চট করে শেখ হাসিনার তৃতীয় কোনো দেশে পাড়ি দেওয়া সম্ভব হচ্ছে না, এটা স্পষ্ট হয়ে ওঠার পর ভারত সরকার তাঁকে হিন্দন থেকে সরিয়ে দিল্লির কোনো গোপন ঠিকানায় আনে। পরে তাঁকে হয়তো দিল্লির কাছাকাছি অন্য কোনো সুরক্ষিত ডেরাতে সরিয়েও নেওয়া হয়েছে। কিন্তু এ ব্যাপারে ভারত সরকার কোনো তথ্যই প্রকাশ করেনি।
ভারতের স্বরাষ্ট্র মন্ত্রণালয়ের এক শীর্ষ কর্মকর্তা, যিনি শেখ হাসিনা ভারতে আসার পর থেকেই তাঁর প্রতিটি পদক্ষেপের ব্যাপারে অবগত, তিনি বিবিসি বাংলার সংবাদদাতা শুভজ্যোতি ঘোষকে জানিয়েছিলেন ‘মুভমেন্টস অ্যান্ড ভিজিটস—অ্যাজ লিটল অ্যাজ পসিবল’, অর্থাৎ শেখ হাসিনাকে এক জায়গা থেকে আর এক জায়গায় নিয়ে যাওয়া, কিংবা তার সঙ্গে অন্যদের দেখা করানোর ব্যবস্থা—এটাও যতটা সম্ভব এড়ানোর চেষ্টা করা হচ্ছে। তবে শেখ হাসিনার মুভমেন্টস বা ভিজিটস যে পুরোপুরি বন্ধ নয়, তাঁর কথায় সেই ইঙ্গিতও ছিল!
তবে ভারতে অবস্থানরত এক শীর্ষ আওয়ামী লীগ নেতা বিবিসি বাংলাকে জানিয়েছেন, তাঁদের সঙ্গে শেখ হাসিনার নিয়মিত কথা হলেও সশরীর কারও সঙ্গে দেখা করেছেন সাবেক প্রধানমন্ত্রী—এ রকমটা তার জানা নেই।
আওয়ামী লীগের সূত্রগুলো জানাচ্ছে, শেখ হাসিনার কাছে এসে তাঁর ছেলে পারিবারিক সময় কাটানোর সঙ্গে সঙ্গে রাজনৈতিক আলোচনা করছেন ঠিকই, তবে ভারতে থেকে গিয়ে দলের কাজকর্মে সশরীর যোগ দেওয়ার অভিপ্রায় নেই সজীব ওয়াজেদ জয়ের।
একটা সময়ে অবশ্য শোনা গিয়েছিল যে ভারত সফরে এসে সজীব ওয়াজেদ জয় কলকাতায়ও আসতে পারেন। কলকাতা ও তার আশপাশের অঞ্চলেও যেহেতু আওয়ামী লীগের শীর্ষ নেতা, সাবেক মন্ত্রী ও সংসদ সদস্যরা থাকছেন এবং এই অঞ্চলেই রয়েছেন বাংলাদেশ থেকে পালিয়ে আসা আওয়ামী ঘনিষ্ঠ অনেক ব্যবসায়ী, সাবেক পুলিশ কর্মকর্তা, আইনজীবী প্রমুখ, তাই কলকাতায় এসে তাঁদের সঙ্গে বৈঠক করতে পারেন সজীব ওয়াজেদ জয়—এ রকমটা জানা যাচ্ছিল।
এখন ভারতের নিরাপত্তা সংস্থার সূত্রগুলো বলছে, অন্তত এবার তাঁর কলকাতায় আসার কোনো পরিকল্পনা নেই।
আবার আওয়ামী লীগের সূত্র থেকে জানা যাচ্ছে, দীর্ঘ সময় ভারতে থাকার পরিকল্পনা নেই তাঁর। আগামী কয়েক দিনের মধ্যেই তিনি হয়তো ফিরে যাবেন।"
শেখ হাসিনাকে ফেরত চেয়ে দিল্লিকে লেখা চিঠির জবাব এখনো আসেনি: পররাষ্ট্র উপদেষ্টা,1,"সাবেক প্রধানমন্ত্রী শেখ হাসিনাকে ফেরত চেয়ে দিল্লিকে লেখা চিঠির জবাব এখনো আসেনি বলে জানিয়েছেন পররাষ্ট্র উপদেষ্টা মো. তৌহিদ হোসেন। আজ বুধবার দুপুরে পররাষ্ট্র মন্ত্রণালয়ে সাংবাদিকদের প্রশ্নের জবাবে এ তথ্য জানান তিনি।
কোন প্রক্রিয়ায় ভারতে চিঠি পাঠানো হয়েছে, সে প্রশ্নের জবাবে পররাষ্ট্র উপদেষ্টা সাংবাদিকদের বলেন, ‘নোট ভারবাল (কূটনৈতিক পত্র) আমাদের মিশনের মাধ্যমে ওদের (ভারতের) পররাষ্ট্র মন্ত্রণালয়ে পাঠানো হয়েছে। কোনো উত্তর আসেনি। এত তাড়াতাড়ি উত্তর আশাও করি না আমরা।’
গত বছর ছাত্র–জনতার অভ্যুত্থানের মুখে প্রধানমন্ত্রীর পদ থেকে পদত্যাগ করে ভারতে পালিয়ে যান শেখ হাসিনা। এরপর তাঁকে প্রত্যর্পণের অনুরোধ জানিয়ে বাংলাদেশ দুই দফায় চিঠি দিলেও সাড়া দেয়নি ভারত। এর মধ্যে ১৭ নভেম্বর আন্তর্জাতিক অপরাধ ট্রাইব্যুনাল গত বছরের ওই আন্দোলনের সময় সংঘটিত হত্যাকাণ্ডের ঘটনায় মানবতাবিরোধী অপরাধে দোষী সাব্যস্ত করে শেখ হাসিনা ও সাবেক স্বরাষ্ট্রমন্ত্রী আসাদুজ্জামান খানকে মৃত্যুদণ্ড দেন।
এরপর শেখ হাসিনাকে হস্তান্তরের জন্য ভারতকে তৃতীয়বারের মতো চিঠি দেয় বাংলাদেশ। চিঠিতে বলা হয়, বিস্তারিত বিচারিক প্রক্রিয়া শেষে ১৭ নভেম্বর আন্তর্জাতিক অপরাধ ট্রাইব্যুনাল রায় দিয়েছেন। আদালত মানবতাবিরোধী অপরাধের দায়ে শেখ হাসিনাকে মৃত্যুদণ্ডে দণ্ডিত করেছেন। এই পরিপ্রেক্ষিতে বাংলাদেশ দুই দেশের মধ্যে সই হওয়া প্রত্যর্পণ চুক্তি অনুযায়ী শেখ হাসিনাকে হস্তান্তরের জন্য ভারতকে পুনরায় অনুরোধ জানাচ্ছে।
এই চিঠির কোনো জবাব নয়াদিল্লি না দিলেও শেখ হাসিনাকে মৃত্যুদণ্ড দিয়ে রায় ঘোষণার পর একটি বিবৃতি দিয়েছিল ভারতের পররাষ্ট্র মন্ত্রণালয়। তাতে বলা হয়েছিল, ‘একটি নিকটপ্রতিবেশী হিসেবে ভারত বাংলাদেশে শান্তি, গণতন্ত্র, অন্তর্ভুক্তি, স্থিতিশীলতাসহ বাংলাদেশের জনগণের সর্বোত্তম স্বার্থের বিষয়ে অঙ্গীকারবদ্ধ রয়েছে। এই লক্ষ্য অর্জনে আমরা সব সময় সব অংশীজনের সঙ্গে গঠনমূলকভাবে যুক্ত থাকব।’
অপর এক প্রশ্নের জবাবে পররাষ্ট্র উপদেষ্টা তৌহিদ হোসেন বলেন, আগামী নির্বাচন অন্তর্ভুক্তিমূলক করতে পশ্চিমাদের কোনো চাপে নেই। আর নির্বাচনে ভারত পর্যবেক্ষক পাঠাতে চাইলে সে বিষয়ে সিদ্ধান্ত নেবে নির্বাচন কমিশন।
ফ্রান্স থেকে উড়োজাহাজ না কেনায় ইউরোপের সঙ্গে সম্পর্কে প্রভাব পড়বে না বলেও মন্তব্য করেন পররাষ্ট্র উপদেষ্টা।"
শেখ হাসিনা ও জয়ের বিরুদ্ধে ইন্টারপোলের রেড নোটিশ চেয়ে দুদকের চিঠি,1,"ছাত্র-জনতার অভ্যুত্থানে ক্ষমতাচ্যুত সাবেক প্রধানমন্ত্রী শেখ হাসিনা ও তাঁর ছেলে সজীব ওয়াজেদ জয়ের বিরুদ্ধে ইন্টারপোলের রেড নোটিশ জারির পদক্ষেপ নিতে পুলিশ সদর দপ্তরে চিঠি পাঠিয়েছে দুর্নীতি দমন কমিশন (দুদক) । আজ বৃহস্পতিবার সাংবাদিকদের এ তথ্য জানিয়েছেন দুদকের উপপরিচালক (জনসংযোগ) কর্মকর্তা আকতারুল ইসলাম। তিনি বলেন, মামলার তদন্ত কর্মকর্তারা পুলিশের মহাপরিদর্শকের কাছে এই চিঠি পাঠিয়েছেন।
চিঠিতে উল্লেখ করা হয়েছে, মামলার তদন্তকালে জানা গেছে, এজাহারভুক্ত আসামি শেখ হাসিনা বিদেশে অবস্থান করছেন। ন্যায়বিচারের স্বার্থে তাঁর অবস্থান শনাক্ত করে দেশে ফিরিয়ে আনার জন্য বিজ্ঞ আদালত গ্রেপ্তারি পরোয়ানা জারি করেছেন। আদালতের সেই পরোয়ানা, এজাহার, অভিযোগপত্র এবং পূরণ করা রেড নোটিশ ফরম সংযুক্ত করে প্রয়োজনীয় ব্যবস্থা গ্রহণের অনুরোধ জানানো হয়েছে। একই ধরনের তথ্য-উপাত্তসহ সজীব ওয়াজেদের বিষয়ে আলাদা চিঠিও পাঠানো হয়েছে।
চিঠিতে মা–ছেলের নাম, জাতীয় পরিচয়পত্র নম্বর, বাবা-মায়ের নাম, পাসপোর্ট নম্বর ও ঠিকানা দেওয়া হয়েছে।
২০২৪ সালের ৫ আগস্ট ছাত্র–জনতার অভ্যুত্থানে ক্ষমতাচ্যুত হওয়ার পর থেকে শেখ হাসিনা ভারতে অবস্থান করছেন। সজীব ওয়াজেদ জয় আগে থেকেই যুক্তরাষ্ট্রে বসবাস করছেন। পরিবারের অন্য সদস্যরাও বর্তমানে দেশের বাইরে আছেন। শেখ হাসিনা ও তাঁর পরিবারের সদস্যদের বিরুদ্ধে পূর্বাচল নতুন শহর প্রকল্পের ২৭ নম্বর সেক্টরে ছয়টি প্লট বরাদ্দে অনিয়ম ও দুর্নীতির অভিযোগে গত বছরের ডিসেম্বরে অনুসন্ধান শুরু করে দুদক। এরপর এ বছরের ১২ জানুয়ারি ক্ষমতার অপব্যবহার ও অনিয়মের অভিযোগে ছয়টি মামলা করে সংস্থাটি। এসব মামলায় আসামি করা হয়েছে শেখ হাসিনা, তাঁর ছেলে জয়, মেয়ে সায়মা ওয়াজেদ পুতুল, বোন শেখ রেহানা, রেহানার ছেলে রাদওয়ান মুজিব সিদ্দিক ববি, মেয়ে টিউলিপ রিজওয়ানা সিদ্দিক ও আজমিনা সিদ্দিক রূপন্তীকে। এই ছয় মামলার সব কটিতেই আসামি করা হয়েছে শেখ হাসিনাকে। অন্যদেরও কেউ কেউ একাধিক মামলার আসামি।
দুদকের অভিযোগ, সরকারের সর্বোচ্চ পদে থাকাকালে শেখ হাসিনা ও তাঁর পরিবার অযোগ্য হয়েও পূর্বাচল আবাসন প্রকল্পের ছয়টি প্লট বরাদ্দ নিয়েছিলেন। এসব মামলায় গত ৩১ জুলাই ঢাকার দুই বিশেষ জজ আদালত অভিযোগ গঠন করে বিচার শুরুর আদেশ দেন।"
আন্তর্জাতিক গণমাধ্যমে শেখ হাসিনার মৃত্যুদণ্ডের রায়ের খবর কতটা গুরুত্ব পেল,1,"জুলাই গণ-অভ্যুত্থানের সময় সংঘটিত মানবতাবিরোধী অপরাধের দায়ে আজ সোমবার শেখ হাসিনাকে মৃত্যুদণ্ডের আদেশ দিয়েছেন আন্তর্জাতিক অপরাধ ট্রাইব্যুনাল-১। এই রায় নিয়ে বার্তা সংস্থা রয়টার্স, এএফপি, বিবিসি, সিএনএন, আল-জাজিরা, গার্ডিয়ানসহ অনেক আন্তর্জাতিক গণমাধ্যমে খবর প্রকাশিত হয়েছে। বিবিসি, আল–জাজিরা এবং ভারতের বেশ কয়েকটি গণমাধ্যম এই রায়ের খবর সরাসরি প্রচার করেছে।
বিবিসির খবরের শিরোনাম করা হয়েছে—‘নৃশংসভাবে বিক্ষোভ দমনের মামলায় বাংলাদেশের সাবেক নেতা শেখ হাসিনার মৃত্যুদণ্ড’। এতে বলা হয়, শেখ হাসিনাকে বাংলাদেশে প্রত্যর্পণ করা নিয়ে এখন ভারতের ওপর চাপ বাড়বে। কিন্তু তা সত্ত্বেও তাঁকে ঢাকার কাছে প্রত্যর্পণের তেমন সম্ভাবনা নেই।
বার্তা সংস্থা রয়টার্সের খবরের শিরোনাম করা হয়েছে—‘শিক্ষার্থীদের ওপর দমন-পীড়নের দায়ে বাংলাদেশের ক্ষমতাচ্যুত প্রধানমন্ত্রী হাসিনার মৃত্যুদণ্ড’। প্রতিবেদনটিতে বলা হয়, দীর্ঘ কয়েক মাসের বিচারপ্রক্রিয়া শেষে বাংলাদেশের একটি যুদ্ধাপরাধ ট্রাইব্যুনাল সোমবার ক্ষমতাচ্যুত প্রধানমন্ত্রী শেখ হাসিনাকে মৃত্যুদণ্ড দিয়েছেন।
রায় ঘোষণার আগে ছাত্রদের নেতৃত্বাধীন গণ–অভ্যুত্থানে প্রাণঘাতী দমন-পীড়নের নির্দেশ দেওয়ার অভিযোগে শেখ হাসিনাকে দোষী সাব্যস্ত করেন ট্রাইব্যুনাল। এমন এক সময়ে এই রায় দেওয়া হয়েছে, যখন আগামী বছরের ফেব্রুয়ারির শুরুতে বাংলাদেশে জাতীয় সংসদ নির্বাচন অনুষ্ঠিত হওয়ার কথা রয়েছে।
রয়টার্সের প্রতিবেদনে আরও বলা হয়, এই রায়ের বিরুদ্ধে সুপ্রিম কোর্টে আপিল করা যাবে। কিন্তু হাসিনার ছেলে এবং তাঁর উপদেষ্টা সজীব ওয়াজেদ রায়ের প্রাক্কালে রয়টার্সকে বলেন, আওয়ামী লীগের অংশগ্রহণে গণতান্ত্রিকভাবে নির্বাচিত সরকার ক্ষমতা গ্রহণ না করা পর্যন্ত তাঁরা আপিল করবেন না।
আজকের রায়ে সাবেক স্বরাষ্ট্রমন্ত্রী আসাদুজ্জামান খানকেও মৃত্যুদণ্ড দেওয়া হয়েছে। আরেক আসামি পুলিশের সাবেক মহাপরিদর্শক (আইজিপি) চৌধুরী আবদুল্লাহ আল-মামুনকে দেওয়া হয়েছে পাঁচ বছরের কারাদণ্ড।
বার্তা সংস্থা এএফপির প্রতিবেদনের শিরোনাম—‘মানবতাবিরোধী অপরাধে বাংলাদেশের সাবেক প্রধানমন্ত্রীর মৃত্যুদণ্ড’। এতে বলা হয়, ‘সোমবার বাংলাদেশের একটি আদালত মানবতাবিরোধী অপরাধের দায়ে ক্ষমতাচ্যুত প্রধানমন্ত্রী শেখ হাসিনাকে মৃত্যুদণ্ডের আদেশ দিয়েছেন। বিচারক রায় পড়ার সময় জনাকীর্ণ আদালতে উল্লাসধ্বনি শুরু হয়।’
এএফপির প্রতিবেদনে আরও বলা হয়, আদালত ৭৮ বছর বয়সী শেখ হাসিনাকে ভারত থেকে দেশে ফিরে আসার নির্দেশ দিয়েছিলেন, যাতে ছাত্রদের নেতৃত্বাধীন গণ-অভ্যুত্থানে প্রাণঘাতী দমন-নিপীড়নের নির্দেশ দিয়েছিলেন কি না, এ–বিষয়ক মামলায় তিনি অংশ নিতে পারেন। কিন্তু তিনি সেই নির্দেশ মানেননি।
এএফপির প্রতিবেদনে যুক্ত করা হয়, বহুল প্রতীক্ষিত এই রায় জাতীয় টেলিভিশনে সরাসরি প্রচার করা হয়েছে। ২০২৪ সালের আগস্টে শেখ হাসিনা ক্ষমতাচ্যুত হওয়ার পর প্রথম জাতীয় নির্বাচনের আগে এই রায় দেওয়া হলো।
আল–জাজিরার লাইভের শিরোনাম করা হয়েছে—‘মানবতাবিরোধী অপরাধের দায়ে বাংলাদেশের হাসিনার মৃত্যুদণ্ড’। এতে বলা হয়েছে, বাংলাদেশের আন্তর্জাতিক অপরাধ ট্রাইব্যুনাল গত বছর ছাত্রদের নেতৃত্বাধীন বিক্ষোভের ওপর সরকারের সহিংস দমন-পীড়নের জন্য মানবতাবিরোধী অপরাধের দায়ে সাবেক প্রধানমন্ত্রী শেখ হাসিনাকে মৃত্যুদণ্ডের আদেশ দিয়েছেন।
প্রতিবেদনে বলা হয়, গত বছরের গণ-অভ্যুত্থান দমনের ‘মূল পরিকল্পনাকারী’ হিসেবে ৭৮ বছর বয়সী পলাতক এই রাজনীতিবিদের অনুপস্থিতিতে তাঁর বিচার হচ্ছে। গণ-অভ্যুত্থানে প্রায় ১ হাজার ৪০০ জন নিহত হন।
যুক্তরাষ্ট্রের সংবাদমাধ্যম সিএনএনের শিরোনাম—‘মানবতাবিরোধী অপরাধের দায়ে বাংলাদেশের ক্ষমতাচ্যুত নেত্রী শেখ হাসিনার মৃত্যুদণ্ড’। এতে বলা হয়, বাংলাদেশের ক্ষমতাচ্যুত প্রধানমন্ত্রী শেখ হাসিনাকে গত বছরের ছাত্র বিক্ষোভ সহিংসভাবে দমনের দায়ে দোষী সাব্যস্ত করে মৃত্যুদণ্ড দেওয়া হয়েছে। এই বিক্ষোভের মুখে তাঁর সরকারের পতন ঘটেছিল।
‘মানবতাবিরোধী অপরাধের দায়ে ক্ষমতাচ্যুত বাংলাদেশের প্রধানমন্ত্রী শেখ হাসিনার মৃত্যুদণ্ড’ শিরোনামে প্রতিবেদন করেছে যুক্তরাজ্যের প্রভাবশালী সংবাদমাধ্যম দ্য গার্ডিয়ান। এতে বলা হয়, গত বছর ছাত্রদের নেতৃত্বাধীন গণ-অভ্যুত্থানের ওপর প্রাণঘাতী দমন-পীড়নের ঘটনায় মানবতাবিরোধী অপরাধের দায়ে ঢাকার একটি আদালত বাংলাদেশের ক্ষমতাচ্যুত প্রধানমন্ত্রী শেখ হাসিনার অনুপস্থিতিতে তাঁর বিরুদ্ধে মৃত্যুদণ্ডের রায় দিয়েছেন।
ভারতের গণমাধ্যম দ্য ইন্ডিয়ান এক্সপ্রেসের শিরোনাম—‘শেখ হাসিনার মৃত্যুদণ্ড: এখন কী হবে’। তাদের প্রতিবেদনে বলা হয়, বাংলাদেশের সাবেক প্রধানমন্ত্রী শেখ হাসিনাকে ‘মানবতাবিরোধী অপরাধের’ দায়ে দোষী সাব্যস্ত করে মৃত্যুদণ্ড দেওয়া হয়েছে। রাজনৈতিক শত্রুদের তাড়া করতে ২০০৯ সালে তিনি নিজেই যে ট্রাইব্যুনাল গঠন করেছিলেন, সেটাই তাঁর মৃত্যুদণ্ডের আদেশ দিয়েছেন।
ভারতের আরেক গণমাধ্যম দ্য হিন্দুর লাইভের শিরোনাম করা হয়েছে, ‘ছাত্র দমন-পীড়নের মামলায় ক্ষমতাচ্যুত বাংলাদেশের প্রধানমন্ত্রী শেখ হাসিনা ও সাবেক মন্ত্রী কামালের মৃত্যুদণ্ড’।
প্রতিবেদনে বলা হয়, সোমবার বাংলাদেশের একটি আদালত ক্ষমতাচ্যুত প্রধানমন্ত্রী শেখ হাসিনাকে মানবতাবিরোধী অপরাধের দায়ে দোষী সাব্যস্ত করে মৃত্যুদণ্ড দিয়েছেন। গত বছর ছাত্রদের নেতৃত্বাধীন গণ-অভ্যুত্থানের ওপর সাংঘাতিক দমন-পীড়নের নির্দেশ দেওয়ার দায়ে দীর্ঘ কয়েক মাসের বিচারপ্রক্রিয়া শেষে তাঁকে মৃত্যুদণ্ড দেওয়া হয়।
পাকিস্তানের সংবাদমাধ্যম ডনের প্রতিবেদনের শিরোনাম—‘ছাত্রদের ওপর দমন-পীড়নের দায়ে বাংলাদেশের ক্ষমতাচ্যুত প্রধানমন্ত্রী শেখ হাসিনার মৃত্যুদণ্ড’।
প্রতিবেদনে বলা হয়, বাংলাদেশের একটি আদালত গত বছর ছাত্রদের নেতৃত্বাধীন আন্দোলনে দমন-পীড়নের নির্দেশ দেওয়ার অভিযোগে ক্ষমতাচ্যুত প্রধানমন্ত্রী শেখ হাসিনাকে সোমবার মৃত্যুদণ্ডের আদেশ দিয়েছেন। কয়েক মাসের বিচারপ্রক্রিয়া শেষে এ রায় দেওয়া হয়। এমন এক সময়ে এই রায় দেওয়া হলো, যখন আগামী বছরের ফেব্রুয়ারির শুরুর দিকে বাংলাদেশের জাতীয় সংসদ নির্বাচন অনুষ্ঠিত হওয়ার কথা রয়েছে।"
আওয়ামী লীগের ‘লকডাউন’ চলছে অনলাইনে: ইনকিলাব মঞ্চ,1,"ইনকিলাব মঞ্চের মুখপাত্র শরিফ ওসমান হাদি বলেছেন, আওয়ামী লীগের (কার্যক্রম নিষিদ্ধ) নেতারা স্যুটকেস গুছিয়ে দেশ ছেড়ে চলে গেছেন। এখন তাঁরা বাংলাদেশে ‘লকডাউন’ ডেকেছেন। অনলাইনে সেই লকডাউন চলছে। তাঁদের নেতা-কর্মীরা বাংলামোটরে ‘জয়’ বলে যাত্রাবাড়ী গিয়ে ‘বাংলা’ বলছেন। দলটির নেতা-কর্মীরা দিল্লিতে একটি ম্যারাথন আয়োজন করতে পারেন। একমাত্র সেখানেই তাঁরা চ্যাম্পিয়ন হতে পারবেন।
আজ বৃহস্পতিবার বেলা সাড়ে ১১টার দিকে রাজধানীর শাহবাগে এক সংক্ষিপ্ত সমাবেশে শরিফ ওসমান হাদি এসব কথা বলেন। এরপর ‘গণহত্যার বিচার বানচাল করতে গণহত্যাকারী ফ্যাসিস্ট আওয়ামী লীগের দেশবিরোধী ষড়যন্ত্রের প্রতিবাদে জজবা জমায়েত ও প্রতিরোধ মিছিল’ বের করে ইনকিলাব মঞ্চ। মিছিলটি শাহবাগ থেকে শুরু হয়ে গুলিস্তানে আওয়ামী লীগের কেন্দ্রীয় কার্যালয়ের দিকে যায়।
প্রতিষ্ঠার সময় থেকে আওয়ামী লীগের সঙ্গে বাংলাদেশের শিকড়ের সম্পর্ক নেই বলে সমাবেশে মন্তব্য করেন শরিফ ওসমান হাদি। তিনি বলেন, শেখ হাসিনা নিজে দিল্লিতে, তাঁর ছেলে আমেরিকায়, মেয়ে লন্ডনে বসে এ দেশের মানুষকে ৫ হাজার টাকা, ৮ হাজার টাকা দিয়ে রাস্তায় নামিয়ে দিচ্ছেন। প্রতিষ্ঠার সময় থেকেই আওয়ামী লীগের সঙ্গে বাংলাদেশের শিকড়ের সম্পর্ক নেই। সম্পর্ক থাকলে গণপ্রতিরোধের পর তারা দেশে থেকেই মানুষের সঙ্গে লড়াই করত।
ইনকিলাব মঞ্চের মুখপাত্র বলেন, আন্তর্জাতিক অপরাধ ট্রাইব্যুনাল শেখ হাসিনার বানানো। এখানকার নিয়মকানুন আওয়ামী লীগের বানানো। তারপরও তাঁর বানানো আদালতে হাজির হতে সমস্যা কিসের। শেখ হাসিনা বিচারিক কাঠগড়ায় দাঁড়াক। এরপর যদি মনে হয় তাঁর সঙ্গে ন্যায়বিচার হয়নি, তাহলে আন্তর্জাতিক অপরাধ আদালতে যাক।
আওয়ামী লীগের রাজনীতি মানেই আগুনের রাজনীতি বলে মন্তব্য করেন শরিফ ওসমান হাদি। তিনি বলেন, আওয়ামী লীগ এ দেশে কোনো রাজনীতি করতে পারেনি। ১৯৯৬ সালে তারা আন্দোলনের নামে অরাজকতা করেছে, মানুষ পুড়িয়ে মেরেছে। পরবর্তী সময়ে গত ১৫ বছর নিজেদের মালিকানাধীন বাসে আগুন দিয়ে বিএনপি-জামায়াতের ওপর দায় চাপিয়েছে। সেগুলোকে আগুন-সন্ত্রাস হিসেবে উপস্থাপন করা হয়েছে। কিন্তু দুই দিন আগে ময়মনসিংহে আগুন দিয়ে এক চালককে কয়লা বানিয়ে ফেলেছে, সেটিকে কেউ আগুন-সন্ত্রাস বলছে না।
বিএনপির প্রতি ইঙ্গিত করে ইনকিলাব মঞ্চের মুখপাত্র বলেন, যেসব রাজনৈতিক দল আওয়ামী লীগের মামলা তুলে নেওয়ার কথা বলছে, তারা যেন স্বীকার করে, গত এক বছরে আওয়ামী লীগের নেতা-কর্মীদের কাছ থেকে টাকা খাওয়ার জন্যই তাঁদের বিরুদ্ধে মামলা করা হয়েছে। কোনো দল যেন আওয়ামী রাজনীতি পুনর্বাসনের সাহস না দেখায়।
সমাবেশে ডাকসুর মুক্তিযুদ্ধ ও গণতান্ত্রিক আন্দোলন–বিষয়ক সম্পাদক ফাতিমা তাসনিম জুমা বলেন, গত বছরের জুলাই-আগস্টের গণ-অভ্যুত্থানের মাধ্যমে ফ্যাসিবাদ তাড়ানো হয়েছে। আজীবন যতবার ফ্যাসিবাদ মাথাচাড়া দিয়ে উঠবে, ততবার তাদের প্রতিহত করা হবে।"
হাসিনার মৃত্যুদণ্ডের রায়কে ঘিরে আতঙ্ক নেই: স্বরাষ্ট্র উপদেষ্টা,1,"জুলাই গণ-অভ্যুত্থানের সময় সংঘটিত মানবতাবিরোধী অপরাধের দায়ে ক্ষমতাচ্যুত প্রধানমন্ত্রী শেখ হাসিনাকে দেওয়া মৃত্যুদণ্ডের রায়কে ঘিরে দেশে কোনো আতঙ্ক নেই বলে জানিয়েছেন স্বরাষ্ট্র উপদেষ্টা লেফটেন্যান্ট জেনারেল (অব.) জাহাঙ্গীর আলম চৌধুরী। তিনি বলেন, সবকিছু স্বাভাবিক। সড়কে কোনো আতঙ্ক নেই। তবে ছোটখাটো দু-একটা ঘটনা ঘটছে।
আজ সোমবার সচিবালয়ে স্বরাষ্ট্র মন্ত্রণালয়ের সভাকক্ষে আইনশৃঙ্খলাসংক্রান্ত কোর কমিটির সভা শেষে এক সংবাদ সম্মেলনে তিনি এসব কথা বলেন।
উপদেষ্টা বলেন, বরিশাল, মাদারীপুর, ফরিদপুর, গোপালগঞ্জ কিছুটা কঠিন জায়গা। তবে ওই সব জেলায় এখন পর্যন্ত বড় কোনো ঘটনা ঘটেনি। শুধু করাত দিয়ে গাছ কেটে রাস্তায় ফেলে দেওয়া হচ্ছে। বড় গাছ হওয়ায় সরাতে সময় লাগে। মহাসড়ক থেকে সরাতে সময় লাগছে। রায়কে ঘিরে কেউ কেউ ককটেল ফাটাচ্ছে। যারা ফাটাচ্ছে তারা ধরা পড়ছে।
শেখ হাসিনার রায়কে কেন্দ্র করে ধানমন্ডির ৩২ নম্বর সড়কের শেখ মুজিবুর রহমানের বাড়ি ভাঙতে যাওয়া বিক্ষোভকারীদের বিষয়ে উপদেষ্টার দৃষ্টি আকর্ষণ করলে উপদেষ্টা বলেন, ‘শিক্ষার্থীদের বলা দরকার যে তোমরা স্কুল–কলেজে পড়াশোনা করো। এটা দেখার জন্য আমরা আছি। আমরা দেখব।’ উপদেষ্টা বলেন, শিক্ষার্থীদের অনেকে উসকে দেয়। সরকারের পক্ষ থেকে উদ্যোগ নেওয়া হয়েছে বলেই ধানমন্ডি ৩২ নম্বরে পর্যাপ্ত আইনশৃঙ্খলা সদস্য পাঠানো হয়েছে।
শেখ হাসিনাকে ফেরাতে ভারতকে আবার চিঠি দেওয়া হবে কি না, জানতে চাইল উপদেষ্টা বলেন, ‘দরকার পড়লে ভারতকে আমরা আবার চিঠি দেব।’
মানুষ, পুলিশ ও যানবাহনে অগ্নিসংযোগ ও ককটেল নিক্ষেপকারীদের গুলি করতে ডিএমপি কমিশনার শেখ মো. সাজ্জাত আলী যে নির্দেশ দিয়েছেন, এ বিষয়ে জানতে চাইলে স্বরাষ্ট্র উপদেষ্টা বলেন, আত্মরক্ষার জন্য এ সিদ্ধান্ত নেওয়া হয়েছে।
এ সময় প্রধান উপদেষ্টার বিশেষ সহকারী খোদা বখস চৌধুরী সাংবাদিকদের বলেন, নিজে বিপদে থাকলে গুলি পরিচালনা করার অধিকার প্রতিটি নাগরিকের আছে।"
বাংলাদেশে শেখ হাসিনার রায় ও আসন্ন গণভোটে দক্ষিণ এশিয়ায় পালাবদলের ইঙ্গিত,1,"নাজাম লায়লা যুক্তরাজ্যের চিন্তন প্রতিষ্ঠান চ্যাথাম হাউসের ডিজিটাল সোসাইটি প্রোগ্রামের অ্যাকাডেমি অ্যাসোসিয়েট হিসেবে কর্মরত। তিনি বাংলাদেশের ব্র্যাক বিশ্ববিদ্যালয় থেকে ইন্টারডিসিপ্লিনারি ইংলিশ লিটারেচারে স্নাতকোত্তর করেছেন। পরে লন্ডন স্কুল অব ইকোনমিকস থেকে জেন্ডার, ডেভেলপমেন্ট ও গ্লোবালাইজেশনে স্নাতকোত্তর করেন। এ ছাড়া তিনি ইউনিভার্সিটি অব লন্ডনের স্কুল অব ওরিয়েন্টাল অ্যান্ড আফ্রিকান স্টাডিজ থেকে পলিটিকস ও ইন্টারন্যাশনাল স্টাডিজে পিএইচডি করেছেন। তিনি গণ–অভ্যুত্থানপরবর্তী বাংলাদেশের রাজনৈতিক পরিস্থিতি ও পররাষ্ট্রনীতি নিয়ে লিখেছেন। তাঁর এই লেখা সোমবার চ্যাথাম হাউসের ওয়েবসাইটে বিশেষজ্ঞ মন্তব্য হিসেবে প্রকাশ করা হয়েছে।
ক্ষমতাচ্যুত প্রধানমন্ত্রী শেখ হাসিনাকে আন্তর্জাতিক অপরাধ ট্রাইব্যুনালের দেওয়া মৃত্যুদণ্ডের রায়ের পর বাংলাদেশ এক ঐতিহাসিক সন্ধিক্ষণে দাঁড়িয়ে। শেখ হাসিনার অনুপস্থিতিতে মানবতাবিরোধী অপরাধে দোষী সাব্যস্ত করে তাঁকে এ দণ্ড দেওয়া হয়। আদালত এ সিদ্ধান্তে পৌঁছেছেন যে শেখ হাসিনা ২০২৪ সালের জুলাই-আগস্ট মাসে ছাত্র-নেতৃত্বাধীন বিক্ষোভের ওপর চালানো সহিংস দমন-পীড়নের জন্য দায়ী। জাতিসংঘের হিসাবে, ওই ঘটনায় ‘প্রায় ১ হাজার ৪০০ জন’ নিহত হয়ে থাকতে পারেন। তবে শেখ হাসিনা তাঁর বিরুদ্ধে আনা অভিযোগ অস্বীকার করেছেন। ‘বর্ষা বিপ্লব’ নামে পরিচিত ওই জেন–জি বিক্ষোভে হাসিনা সরকারের পতন হয় এবং তাঁকে ভারতে পালিয়ে যেতে বাধ্য করে।
এ রায় কেবলই একটি রাজনৈতিক পরিবারের পতনকেই সামনে আনেনি; বরং বাংলাদেশের আসন্ন গণভোট ও নির্বাচন মিলে এটি দক্ষিণ এশিয়ার বর্তমান পরিস্থিতির একটি ফাটলের ইঙ্গিত দেয় এবং একই সঙ্গে সম্ভাব্য আরও বহুকেন্দ্রিক আঞ্চলিক ব্যবস্থার দ্বার উন্মোচন করতে পারে, যেখানে বাংলাদেশ ভারতের ওপর কম নির্ভরশীল থাকবে। পালাবদলের এ মুহূর্ত বাংলাদেশকে একটি প্রান্তিক শক্তি থেকে দ্বিধাবিভক্ত অঞ্চলটিতে স্থিতিশীল একটি শক্তি হিসেবে রূপান্তর করতে পারে।
নতুন কুশীলব, নতুন মেরুকরণ
‘বর্ষা বিপ্লব’ শুধু শেখ হাসিনার সরকারের পতনই ঘটায়নি; বরং বাংলাদেশের রাজনীতিতে তাঁর দল আওয়ামী লীগ এবং প্রতিদ্বন্দ্বী বাংলাদেশ জাতীয়তাবাদী দলের (বিএনপি) যে কয়েক দশকের পুরোনো দ্বিদলীয় আধিপত্য ছিল, সেটাও ভেঙে দিয়েছে। বিপ্লবের পর অধ্যাপক মুহাম্মদ ইউনূসের নেতৃত্বে একটি অন্তর্বর্তী সরকার ক্ষমতায় আসে এবং রাজনৈতিক পরিবর্তনের এই সময়ে এ সরকার নেতৃত্ব দিচ্ছে।
এ পরিবর্তন ২০২৬ সালের ফেব্রুয়ারিতে জাতীয় নির্বাচনের আগে নতুন রাজনৈতিক কুশীলবদের জন্য জায়গা তৈরি করেছে। এদের মধ্যে রয়েছে ছাত্র-বিপ্লবীদের নেতৃত্বে গঠিত জাতীয় নাগরিক পার্টি (এনসিপি) এবং শেখ হাসিনার সরকার আমলে নিষিদ্ধ ইসলামপন্থী দল জামায়াতে ইসলামী। দলটি শিবির নামে পরিচিত নিজেদের ছাত্রসংগঠন বাংলাদেশ ইসলামী ছাত্রশিবিরসহ পুনরুত্থান উপভোগ করছে।
নিজেদের একটি মধ্যপন্থী ও বহুত্ববাদী শক্তি হিসেবে বর্ণনা করা এনসিপি ‘সেকেন্ড রিপাবলিক’ ও একটি নতুন সংবিধানের দাবি জানিয়েছে। সাংগঠনিক দুর্বলতা ও রাজনৈতিক অনভিজ্ঞতা থাকা সত্ত্বেও দলটির যে জনপ্রিয়তা, তা মূলত পরিবারন্ত্রিক ও দুর্নীতিগ্রস্ত রাজনীতির প্রতি গণ–অসন্তোষেরই বহিঃপ্রকাশ। জামায়াত নিজেদের একটি মধ্যপন্থী গণতান্ত্রিক শক্তি হিসেবে নতুন করে পরিচয় করাচ্ছে। দলটি অধ্যাপক ইউনূসের সংস্কার এজেন্ডাকে প্রভাবিত করতে এবং সংসদে সংখ্যানুপাতিক প্রতিনিধিত্বের (পিআর) জন্য চাপ তৈরিতে এনসিপির সঙ্গে অভিন্ন অবস্থান নেয়।
সন্ত্রাস দমন আইনে কার্যক্রম নিষিদ্ধ হওয়ায় শেখ হাসিনার দল আওয়ামী লীগ ফেব্রুয়ারির নির্বাচনে প্রতিদ্বন্দ্বিতা করতে পারছে না। শেখ হাসিনা ও তাঁর দল তাদের বিরুদ্ধে আনা অভিযোগ এবং অন্তর্বর্তী সরকারের বৈধতা প্রত্যাখ্যান করে আসছে। গত রোববার শেখ হাসিনার ছেলে সজীব ওয়াজেদ জয় বলেছেন, আওয়ামী লীগের সমর্থকেরা বাংলাদেশে নির্বাচন রুখে দিতে চাইবে এবং নির্বাচনের আগে সহিংসতারও হুঁশিয়ারি দিয়েছেন তিনি।
আওয়ামী লীগের ঐতিহাসিক প্রতিদ্বন্দ্বী বিএনপিকে দলের নেতাদের মধ্যে অনৈক্য এবং দলের সদস্যদের বিরুদ্ধে চাঁদাবাজির অভিযোগে সমালোচনার মুখে পড়তে হয়েছে, যদিও দলটি এ বিষয়ে ‘জিরো টলারেন্স (শূন্য সহিষ্ণুতা)’ নীতির কথা বলে আসছে। কিছু বিশ্লেষণে বিএনপিকে নির্বাচনের সম্ভাব্য বিজয়ী দল হিসেবে দেখানো হলেও এখনই নিশ্চিত ভবিষ্যদ্বাণী করা বেশ কঠিন। পাবলিক বিশ্ববিদ্যালয়গুলোর ছাত্র সংসদ নির্বাচনে ছাত্রশিবিরের বিজয় জামায়াতের জন্য ইতিবাচক বার্তা বহন করে, যদিও এই সাফল্য জাতীয় পর্যায়ে না–ও দেখা যেতে পারে।
জুলাই সনদ গণভোট
ফেব্রুয়ারিতে অনুষ্ঠেয় জুলাই জাতীয় সনদ নিয়ে গণভোটটি বাংলাদেশের জন্য এক গুরুত্বপূর্ণ বাঁকবদলের মুহূর্ত হিসেবে দেখা হচ্ছে। জুলাই জাতীয় সনদ হচ্ছে অন্তর্বর্তী সরকারের প্রস্তাব করা সংস্কারের একটি পূর্ণাঙ্গ রূপরেখা। গত অক্টোবরে বিএনপি, জামায়াতসহ ২৫টি রাজনৈতিক দল এতে স্বাক্ষর করে।
এটি বিভক্ত রাজনৈতিক দলগুলোকে অভূতপূর্ব প্রাতিষ্ঠানিক সংস্কারের একটি অভিন্ন প্ল্যাটফর্মে একত্র করেছে। সনদে দ্বিকক্ষবিশিষ্ট সংসদ, প্রধানমন্ত্রীর জন্য মেয়াদসীমা, সংখ্যানুপাতিক প্রতিনিধিত্ব–ব্যবস্থা এবং ২০২৪ সালের গণ–আন্দোলনের সাংবিধানিক স্বীকৃতি দেওয়ার প্রস্তাব রয়েছে। এতে নির্বাহী ক্ষমতার ওপর আরও শক্তিশালী নিয়ন্ত্রণব্যবস্থা ও সংসদীয় প্রভাব বা একচ্ছত্র আধিপত্য ঠেকানোর সুরক্ষাব্যবস্থাও যুক্ত করা হয়েছে।
গণভোটে অনুমোদন পেলে এসব পরিবর্তন দশকের পর দশকের বংশানুক্রমিক আধিপত্য ভেঙে দিয়ে বহুত্ববাদকে প্রাতিষ্ঠানিক রূপ দিতে পারে। তবে সংস্কারের সময়সূচি, পরিধি ও বাস্তবায়ন নিয়ে রাজনৈতিক দলগুলোর মধ্যে এখনো মতপার্থক্য রয়ে গেছে, যার নিষ্পত্তি গণভোটের পরই হবে। উদাহরণস্বরূপ এনসিপি বলেছে, সরকার সংস্কারগুলো কীভাবে বাস্তবায়ন করবে, তা স্পষ্ট করলেই কেবল তারা সনদে স্বাক্ষর করবে।
গণভোটে জোরালো জনসমর্থন পাওয়া গেলে ও সঠিক আইনি ভিত্তি নিশ্চিত করে স্বচ্ছভাবে বাস্তবায়িত হলে এটি এমন একটি ক্ষমতার ভারসাম্য গড়ে তুলতে পারে, যা শেখ হাসিনাবিরোধী রাজনৈতিক দলগুলোর মধ্যে ঐক্য নিশ্চিত করতে পারে। এতে বাংলাদেশ একটি ঐক্যবদ্ধ অবস্থান তৈরি করতে পারবে এবং আরও কার্যকরভাবে নিরাপত্তা ও অর্থনৈতিক চ্যালেঞ্জগুলো মোকাবিলা করতে সক্ষম হবে। অন্যদিকে যদি বাংলাদেশিরা ‘না’ ভোট দেন, তাহলে নির্বাচনে যে–ই জিতুক না কেন, তাদের জুলাই সনদ বাস্তবায়ন করতে বাধ্য থাকতে হবে না। ফলে ঐক্যবদ্ধ সংস্কারের এ সুযোগ হাতছাড়া হয়ে যেতে পারে।
আঞ্চলিক প্রভাব
নতুন রাজনৈতিক ব্যবস্থা ও নতুন নেতৃত্বের আবির্ভাবের সঙ্গে বাংলাদেশের পররাষ্ট্রনীতিতেও বড় ধরনের পরিবর্তন আসছে। প্রধান উপদেষ্টা অধ্যাপক মুহাম্মদ ইউনূসের নেতৃত্বে বাংলাদেশ দীর্ঘদিনের ভারতনির্ভরতা—যা হাসিনা যুগের অন্যতম বৈশিষ্ট্য ছিল—কমাতে কাজ করছে এবং বৈদেশিক সম্পর্কে বৈচিত্র্য আনার চেষ্টা করছে।
বাংলাদেশ–ভারত সম্পর্কের টানাপোড়েন আরও বেড়েছে। কারণ, দুই দেশের মধ্যে প্রত্যর্পণ চুক্তি থাকা সত্ত্বেও নয়াদিল্লি হাসিনাকে দেশে ফেরত পাঠানোর অনুরোধ উপেক্ষা করেছে। এই পরিবর্তন ফেব্রুয়ারির নির্বাচনের পরও চলতে পারে। কারণ, নির্বাচনে যেসব দল মূল প্রতিদ্বন্দ্বী হিসেবে থাকবে, সেগুলোর প্রায় সব দলই ভারতের সমালোচক, যা জনমতের মধ্যে বিরাজমান একধরনের ভারতবিরোধী মনোভাবকে প্রতিফলিত করে। এর পেছনে কারণ হিসেবে রয়েছে হাসিনা সরকারের প্রতি নয়াদিল্লির দীর্ঘদিনের সমর্থন। নয়াদিল্লি বলেছে, তারা বাংলাদেশের জনগণের সর্বোত্তম স্বার্থের প্রতি অঙ্গীকারাবদ্ধ এবং এ লক্ষ্য অর্জনে সব সময় গঠনমূলকভাবে সব অংশীজনের সঙ্গে যুক্ত থাকবে।
অন্তর্বর্তী সরকার বাংলাদেশের বৈদেশিক সম্পর্ককে বৈচিত্র্যময় করার চেষ্টা করছে। প্রতিরক্ষা, প্রযুক্তি ও বাণিজ্য—এ তিন ক্ষেত্রেই চীন, পাকিস্তান, তুরস্ক, দক্ষিণ কোরিয়া, জাপান ও যুক্তরাষ্ট্রের সঙ্গে বিভিন্ন আলাপ-আলোচনা ও চুক্তির উদ্যোগ নিয়েছে। গত মার্চ মাসে অধ্যাপক ইউনূস বেইজিংয়ের সঙ্গে বড় ধরনের সহযোগিতা চুক্তি স্বাক্ষর করেন। বর্তমানে বাংলাদেশে চীনের বিনিয়োগ ১০ বিলিয়ন ডলার ছাড়িয়েছে, যা বিদ্যুৎকেন্দ্র থেকে শুরু করে রেলপথ, ডিজিটাল অবকাঠামোসহ ৩০টির বেশি বড় প্রকল্পে ছড়িয়ে রয়েছে।
বাংলাদেশ ডেনমার্কের বৈশ্বিক টার্মিনাল অপারেটর এপিএম টার্মিনালস থেকে রেকর্ড ৫৫০ মিলিয়ন মার্কিন ডলার বৈদেশিক বিনিয়োগ পেতে যাচ্ছে, যা দেশের ইতিহাসে সর্ববৃহৎ একক ইউরোপীয় বিনিয়োগ। সব মিলিয়ে বর্ষা বিপ্লবের পর এক বছরে বাংলাদেশের সরাসরি বিদেশি বিনিয়োগ (এফডিআই) ১৯ দশমিক ১৩ শতাংশ বেড়েছে।
বাংলাদেশ বর্তমানে সাত দেশের আঞ্চলিক জোট বিমসটেকের চেয়ার হিসেবে দায়িত্ব পালন করছে। অন্তর্বর্তী সরকার আসিয়ানেও যোগ দিতে চাইছে এবং সদস্যদেশগুলোর সঙ্গে এ নিয়ে আলোচনার প্রস্তাব দিয়েছে। এ ছাড়া আঞ্চলিক সহযোগিতা জোরদার করতে পাকিস্তানের সঙ্গে সার্ক পুনরুজ্জীবনের বিষয়েও কথা বলেছে। ভূরাজনৈতিক প্রতিদ্বন্দ্বিতা ও সংঘাতে জর্জরিত দক্ষিণ এশিয়ায় সহযোগিতা বৃদ্ধির জন্য এসব পদক্ষেপ বৈচিত্র্যপূর্ণ সম্পর্ক ও বহুপক্ষীয়তার একটি শক্তিশালী মডেল হিসেবে কাজ করতে পারে।
পরিবর্তনের মুহূর্ত
ফেব্রুয়ারির নির্বাচনের পর হাসিনাপরবর্তী যুগে বাংলাদেশের জন্য সবচেয়ে জরুরি কাজ হবে অন্তর্বর্তী সরকারের উত্তরাধিকার ধরে রাখা, যা বাংলাদেশকে একটি আঞ্চলিক পর্যায়ে অন্যের খেলায় ব্যবহৃত শক্তি থেকে আঞ্চলিক খেলোয়াড়ে উন্নীত করতে পারে।
বাংলাদেশের প্রধান রাজনৈতিক দলগুলোর জুলাই সনদে একত্র হওয়া এ লক্ষ্য অর্জনকে আরও বাস্তবসম্মত করেছে। তবে রাজনৈতিক বিভাজন এখনো তীব্র রয়ে গেছে। আওয়ামী লীগের সমর্থকেরা যদি বাংলাদেশের এই নতুন যুগকে গ্রহণ করতে রাজি না হয়, তবে তারা দেশকে অস্থিতিশীল করার চেষ্টা করতে পারে।
বিএনপি, এনসিপি ও জামায়াত—তিন দলেরই নিজস্ব দুর্বলতা আছে, যাতে তারা কেউ এককভাবে ক্ষমতায় গেলে কার্যকরভাবে শাসন করতে হিমশিম খাবে। তাই বর্তমানের ফার্স্ট-পাস্ট-দ্য-পোস্ট নির্বাচনী ব্যবস্থা (যে প্রার্থী সবচেয়ে বেশি ভোট পায়, সে-ই সরাসরি বিজয়ী হয়) সংখ্যানুপাতিক প্রতিনিধিত্ব–ব্যবস্থায় (প্রোপোর্শনাল রিপ্রেজেন্টেশন বা পিআর) পরিবর্তন করা উচিত, যা জুলাই সনদে প্রস্তাব করা হয়েছে। এটি বিভিন্ন রাজনৈতিক স্বার্থ ও মতাদর্শসম্পন্ন দলগুলোর মধ্যে ক্ষমতার ভারসাম্য নিশ্চিত করতে সহায়তা করবে।
বাংলাদেশের ভবিষ্যৎ এখন নির্ভর করছে—এ মুহূর্ত কি সম্মিলিত সংস্কারের সূচনা করবে, নাকি নতুন বিভাজনের সূত্রপাত করবে? ফেব্রুয়ারির গণভোট শুধু সংবিধান সংশোধনের ভোট নয়; এটি দেশের গণতান্ত্রিক চরিত্র ও অঞ্চল নিয়ে আকাঙ্ক্ষার ওপর একটি রায়ও।
প্রশ্নটি স্পষ্ট—বাংলাদেশ কি এই পরিবর্তনের মুহূর্তকে নেতৃত্ব প্রদানের জন্য ব্যবহার করবে, নাকি আরেকটি সংকটের চক্রে ফিরে যাবে? যদি ঢাকা সফল হয়, তবে এটি দক্ষিণ এশিয়ার ভূরাজনীতিতে দৃষ্টান্তমূলক প্রভাব রাখতে পারবে—অঞ্চলকে বহুত্ববাদ, সংযুক্তি ও সহযোগিতামূলক নিরাপত্তার দিকে এগিয়ে নেওয়ার পথ দেখাতে পারে।"
"সাবেক নেত্রীর মৃত্যুদণ্ড কার্যকর চায় বাংলাদেশ, এই পথে বড় বাধা ভারত",1,"একসময় তিনি ধর্মনিরপেক্ষ নেত্রী হিসেবে পরিচিত ছিলেন। একজন বিপ্লবী নেতার কন্যা। ১৯৭০-এর দশকে বাবার নৃশংস হত্যাকাণ্ডই তাঁর রাজনৈতিক উত্থানের পথ করে দিয়েছিল। তবে শেখ হাসিনার বাংলাদেশের রাজনীতির শীর্ষে পৌঁছানোর পর ঘটে ক্ষমতা থেকে এক অবিশ্বাস্য পতন; যেতে হয় ভারতে স্বেচ্ছানির্বাসনে।
শেখ হাসিনার অনুপস্থিতিতে তাঁকে মৃত্যুদণ্ড দেওয়া হয়েছে। আর তা কার্যকর হতে পারে, যদি নয়াদিল্লি তাঁকে দেশে ফেরত পাঠানোর সিদ্ধান্ত নেয়।
২০২৪ সালের ছাত্র বিক্ষোভে সহিংস দমন-পীড়ন চালানোয় ক্ষমতাচ্যুত এই নেত্রীকে মানবতাবিরোধী অপরাধের দায়ে দোষী সাব্যস্ত করা হয়েছে। ওই বিক্ষোভে তাঁর সরকারের পতন হয়। ক্রমেই কর্তৃত্ববাদী হয়ে ওঠা ১৫ বছরের শাসনের পর তিনি গত বছরের আগস্টে ভারতে পালিয়ে যান এবং তাঁর ঘনিষ্ঠ মিত্রদের অন্যতম একটি দেশের রাজধানীতে আশ্রয় নেন।
এখন তিনি দুই দেশের মধ্যে এক উত্তেজনাপূর্ণ অচলাবস্থার কেন্দ্রে পরিণত হয়েছেন। ঢাকা তাঁর অপরাধের জন্য বিচারের মুখোমুখি করতে তাঁকে প্রত্যর্পণের দাবি জানাচ্ছে। যদিও তিনি জোর দিয়ে বলছেন, তিনি এই অপরাধ করেননি।
বাংলাদেশের রাষ্ট্রবিজ্ঞানী মোবাশ্বার হাসান বলেন, ‘গণরোষ থেকে বাঁচতে তাঁকে দেশ ছেড়ে পালাতে হয়েছিল। তিনি ভারতে লুকিয়ে আছেন আর তাঁর বিরুদ্ধে মৃত্যুদণ্ডের রায় দেওয়া হলো। এটি সত্যিই এক ব্যতিক্রমী গল্প।’
রাজনীতিতে শেখ হাসিনার যাত্রাপথ শেক্‌সপিয়রীয় আদলের এক গল্পের মতো—মর্মান্তিক ঘটনা, নির্বাসন ও ক্ষমতার আখ্যান, যা তাঁর নিজ দেশের ইতিহাসের সঙ্গে অবিচ্ছেদ্যভাবে যুক্ত।
বাংলাদেশের ক্যারিশম্যাটিক ‘জাতির পিতা’ শেখ মুজিবুর রহমানের জ্যেষ্ঠ কন্যা শেখ হাসিনা। সে হিসেবে তিনি পাকিস্তানের কাছ থেকে বাংলাদেশের স্বাধিকারের সংগ্রাম প্রত্যক্ষ করার মধ্য দিয়ে জীবনের শুরুতেই রাজনীতিতে প্রবেশ করেন। কিন্তু ১৯৭৫ সালের আগস্ট মাসের রক্তক্ষয়ী একটি রাতই সত্যিকার অর্থে তাঁকে এ পথে নিয়ে আসে।
এক নৃশংস সামরিক অভ্যুত্থানে সেনা কর্মকর্তারা ঢাকার বাসভবনে তাঁর বাবা, মা ও তিন ভাইকে হত্যা করেন। ওই সময় শেখ হাসিনা ও তাঁর বোন পশ্চিম জার্মানি সফরে থাকায় প্রাণে বেঁচে যান।
সেই বিশৃঙ্খল পরিস্থিতির পর ক্ষমতায় আসেন জেনারেল জিয়াউর রহমান। তিনি ছিলেন শেখ হাসিনার ভবিষ্যতের প্রধান প্রতিদ্বন্দ্বী খালেদা জিয়ার স্বামী। জিয়াউর রহমানের সরকার একটি আইন পাস করে, যে আইনের মাধ্যমে শেখ মুজিবুর রহমানের হত্যাকারীদের কয়েক দশক ধরে সুরক্ষা দেওয়া হয়।
শেখ হাসিনার জীবন ওই এক রাতেই পাল্টে যায় এবং তিনি ছয় বছর ভারতে নির্বাসিত জীবন কাটাতে বাধ্য হন। এ সময়টি ভবিষ্যৎ এই নেত্রীর মনে ভারত রাষ্ট্রের প্রতি গভীর শ্রদ্ধা গেঁথে দেয়।
অবশেষে ১৯৮১ সালে যখন তিনি বাংলাদেশে ফিরে আসেন, তখন দেশটি তার প্রতিষ্ঠাকালীন আদর্শ ধর্মনিরপেক্ষতার জন্য সোচ্চার ছিল। তবে তিনিও এমন এক রাজনৈতিক অঙ্গনে প্রবেশ করেন, যা নির্ধারিত হতে যাচ্ছিল বিয়োগান্ত ঘটনার মধ্যে নিপতিত হওয়া আরেক নারী দ্বারা—খালেদা জিয়া, যাঁর স্বামীও পরে হত্যাকাণ্ডের শিকার হয়েছিলেন।
বাধ্যতামূলক নির্বাসন থেকে ফিরে আসার দিনটির কথা স্মরণ করে শেখ হাসিনা বলেছিলেন, ‘যখন আমি বিমানবন্দরে নেমেছিলাম, তখন আমার কোনো আত্মীয়কে দেখিনি, কিন্তু লাখ লাখ মানুষের ভালোবাসা পেয়েছিলাম। সেটাই ছিল আমার একমাত্র শক্তি।’
এভাবেই শুরু হয়েছিল ‘বেগমদের লড়াইয়ের’ যুগ—দুই নারীর মধ্যে এক গভীর ব্যক্তিগত অথচ ধ্বংসাত্মক দ্বন্দ্ব, যার প্রভাব পরবর্তী ৩০ বছর ধরে বাংলাদেশকে গ্রাস করেছিল।
বাবার দল আওয়ামী লীগের হাল ধরে হাসিনা প্রতিকূল রাজনৈতিক পথে এক দীর্ঘ যাত্রা শুরু করেন। খালেদা জিয়ার সঙ্গে ক্রমবর্ধমান দ্বন্দ্বের মধ্যে তাঁকে গৃহবন্দিত্ব ও দমন–পীড়ন মোকাবিলা করতে হয়েছে। ১৯৯৬ সালে শেখ হাসিনা তাঁর দলকে নির্বাচনী বিজয় এনে দেন এবং প্রথমবারের মতো প্রধানমন্ত্রী হন।
ক্ষমতায় এসে তাঁর প্রথম কাজ ছিল ১৯৭৫ সালের অভ্যুত্থান এবং তাঁর পরিবারের সদস্যদের হত্যার সঙ্গে জড়িত ব্যক্তিদের বিচার শুরু করার ঘোষণা দেওয়া। যা ছিল অবশেষে ন্যায়বিচার পাওয়ার প্রচেষ্টার সূচনা।
ধর্মনিরপেক্ষ মুসলিম হিসেবে পরিচিত শেখ হাসিনা এক মেয়াদে দায়িত্ব পালন করার পর পরবর্তী নির্বাচনে খালেদা জিয়ার কাছে হেরে যান। কিন্তু ২০০৮ সালে তিনি যখন আবার ক্ষমতায় ফেরেন, তখন তাঁকে এক বদলে যাওয়া নেত্রী হিসেবে দেখা যায়—যিনি ছিলেন আরও দৃঢ়, কম আস্থাশীল এবং নিজের অবস্থান চিরস্থায়ীভাবে সুরক্ষিত করতে বদ্ধপরিকর।
পরবর্তী ১৫ বছর তিনি ক্রমেই কঠোরতার সঙ্গে বাংলাদেশ শাসন করেন এবং শক্তিশালী অর্থনৈতিক প্রবৃদ্ধির যুগের সূচনা করেন। একই সময়ে তিনি ভারতকে গুরুত্বপূর্ণ সমর্থন দেন, অর্থনৈতিক ও নিরাপত্তা চুক্তির মাধ্যমে নয়াদিল্লির হাতকে শক্তিশালী করেন, যা পাকিস্তান ও চীনের সঙ্গে বৈরিতা টেনে আনে।
তবে বাংলাদেশের উন্নয়নের সাফল্যের জন্য চড়া মূল্য দিতে হয়েছে। মানবাধিকার সংস্থাগুলো সতর্ক করেছিল যে তিনি ও তাঁর সরকার একদলীয় ব্যবস্থার দিকে অগ্রসর হচ্ছেন। সমালোচকেরা রাজনৈতিক সহিংসতার বাড়বাড়ন্ত, ভোটারদের ভয় দেখানো এবং গণমাধ্যম ও বিরোধী মতের ব্যক্তিত্বদের হয়রানির ক্রমবর্ধমান ঘটনায় উদ্বেগ প্রকাশ করেছিলেন।
ভারতীয় সংবাদপত্র ‘দ্য ইন্ডিয়ান এক্সপ্রেস’ সম্প্রতি এক সম্পাদকীয়তে মন্তব্য করেছে, চাপ বাড়ার সঙ্গে সঙ্গে শেখ হাসিনা ‘ভারতের ওপর কোনো প্রশ্ন ছাড়াই পূর্ণ সমর্থনের জন্য নির্ভর করতে পারতেন।’
তবে দেশের অভ্যন্তরে তাঁর ভাবমূর্তিতে এক আগ্রাসী দমন–পীড়নের কালিমা লেগে যায়। রাষ্ট্রবিজ্ঞানী মোবাশ্বার হাসান বলেন, ‘ক্ষমতায় থাকার জন্য তিনি ব্যাপক রক্তপাত ঘটিয়েছেন।’
ক্ষমতার ওপর শেখ হাসিনার নিয়ন্ত্রণ আপাতদৃষ্টে অটুট মনে হয়েছিল। জনসমর্থন রয়েছে, এমন বিক্ষোভ মোকাবিলা, গ্রেপ্তার ও হত্যাচেষ্টার মতো ঝড় সামাল দেওয়ার ক্ষেত্রে তিনি পারদর্শী প্রমাণিত হয়েছিলেন। কিন্তু গত বছর তরুণদের নেতৃত্বাধীন যে অভ্যুত্থান হয়েছিল, তা ছিল ভিন্ন।
সরকারি চাকরিতে কোটা সংস্কারের দাবি নিয়ে শুরু হওয়া ছাত্র বিক্ষোভ দ্রুতই তাঁর পদত্যাগের দাবিতে দেশব্যাপী এক গণ-আন্দোলনে রূপ নেয়। জাতিসংঘের মানবাধিকার দপ্তরের তথ্য অনুযায়ী, পরিস্থিতি নিয়ন্ত্রণে সরকার এক নৃশংস দমন–পীড়ন চালায়, যাতে ১ হাজার ৪০০ জনের মতো মানুষ নিহত হন।
তবে এই রক্তপাত আন্দোলনকে দমন করতে পারেনি; বরং তা আন্দোলনকে আরও বেগবান করে তোলে, জনগণের ক্ষোভকে এক অপ্রতিরোধ্য শক্তিতে পরিণত করে, যা শেষ পর্যন্ত তাঁর সরকারকে উৎখাত করে।
রাষ্ট্রবিজ্ঞানী মোবাশ্বার হাসান বলেন, ‘তাঁকে পালাতে হয়েছিল। এটা নিজেই অপরাধের একটি স্বীকারোক্তি। জনগণ, বিভিন্ন বাহিনী—সবাই তাঁর বিরুদ্ধে চলে গিয়েছিল। কারণ, তিনি সীমা অতিক্রম করেছিলেন। তিনি হত্যা করেছেন, তাঁর নির্দেশে এত এত মানুষকে হত্যার শিকার হয়েছিল।’
নয়াদিল্লিতে রাজনৈতিক শরণার্থী হিসেবে শেখ হাসিনার জীবন তাঁর গল্পকে পূর্ণ চক্রে ফিরিয়ে এনেছে। প্রায় অর্ধশতাব্দী আগে তিনি যে নির্বাসিত জীবন কাটিয়েছিলেন, সেই একই অবস্থায় তাঁকে ফিরিয়ে নিয়ে এসেছে এই শরণার্থী জীবন।
বাংলাদেশের অভ্যন্তরীণ যুদ্ধাপরাধ আদালত—আন্তর্জাতিক অপরাধ ট্রাইব্যুনালে শেখ হাসিনার অনুপস্থিতিতে তাঁর বিচার হয়েছে এবং তাঁকে মৃত্যুদণ্ড দেওয়া হয়েছে। এই ট্রাইব্যুনাল গঠনে একসময় তিনি নিজেই সহযোগিতা করেছিলেন। এ আদালতে হাসিনার বিরুদ্ধে মূলত বিক্ষোভ দমনে বিক্ষোভকারীদের হত্যায় উসকানি, বিক্ষোভকারীদের ফাঁসিতে ঝোলানোর নির্দেশ এবং বিক্ষোভ দমনে প্রাণঘাতী অস্ত্র, ড্রোন ও হেলিকপ্টার ব্যবহারের নির্দেশ দেওয়ার অভিযোগ আনা হয়।
আদালত এই সিদ্ধান্তে পৌঁছেন যে তিনি ছাত্র বিক্ষোভকারীদের হত্যার নির্দেশ দিয়েছিলেন, যা ‘একেবারে সুস্পষ্ট’। মৃত্যুদণ্ডের রায় ঘোষণা হতেই আদালতকক্ষে করতালি দিয়ে স্বাগত জানানো হয়, কেউ কেউ আবার আবেগে অশ্রুসিক্ত হয়ে পড়েন।
ভুক্তভোগী একজনের বাবা আবদুর রব রয়টার্সকে বলেন, ‘এই রায় আমাদের মনে কিছুটা হলেও শান্তি এনেছে। কিন্তু তাঁর গলায় জল্লাদের দড়ি দেখলেই আমরা পুরোপুরি সন্তুষ্ট হব।’
ভারতেও মৃত্যুদণ্ড কার্যকর করার বিধান রয়েছে। দেশটি একটি নিরপেক্ষ অবস্থান গ্রহণ করে রায়ের বিষয়টি পর্যবেক্ষণের কথা জানায় এবং বাংলাদেশের ‘সব পক্ষের সঙ্গে গঠনমূলকভাবে যুক্ত থাকার’ অঙ্গীকার করেছে।
শেখ হাসিনার পরিবার তাঁকে আশ্রয় দেওয়ার জন্য নয়াদিল্লির প্রশংসা করেছে। তাঁর ছেলে সজীব ওয়াজেদ জয় ভারতীয় সংবাদ সংস্থা এএনআইকে বলেন, ‘ভারত সব সময়ই ভালো বন্ধু ছিল। এই সংকটের মুহূর্তে ভারতই মূলত আমার মায়ের জীবন বাঁচিয়েছে।’
এক দশকের বেশি সময় ধরে শেখ হাসিনা ছিলেন ভারতের সবচেয়ে অটল আঞ্চলিক মিত্রদের একজন। তাঁর সরকার ভারতবিরোধী বিদ্রোহী গোষ্ঠীগুলোকে দমনে সহায়ক ছিল, যারা বাংলাদেশের ভূখণ্ডকে নিরাপদ আশ্রয়স্থল হিসেবে ব্যবহার করত।
ভারতের প্রধানমন্ত্রী নরেন্দ্র মোদি এর আগে দুই দেশের বিস্তৃত সীমান্ত সুরক্ষিত রাখার জন্য শেখ হাসিনার প্রশংসা করেছিলেন। এখন তাঁর সরকারের পতন হওয়ায় নয়াদিল্লিতে বড় ধরনের নিরাপত্তা উদ্বেগ তৈরি হয়েছে যে উগ্রবাদী ইসলামপন্থী গোষ্ঠীগুলো আবার মাথাচাড়া দিয়ে উঠতে পারে।
বাংলাদেশে কর্মরত ছিলেন এমন একজন ভারতীয় কূটনীতিক অনিল ত্রিগুণায়েত। তিনি বলেন, নয়াদিল্লি শেখ হাসিনাকে কারাজীবন বা মৃত্যুদণ্ডের মুখোমুখি হতে নিজ দেশে ফেরত পাঠাবে, সে বিষয়ে তাঁর (অনিলের) যথেষ্ট সন্দেহ রয়েছে।
সাবেক এই নেত্রী তাঁর বিরুদ্ধে আনা অভিযোগগুলোকে রাজনৈতিক উদ্দেশ্যপ্রণোদিত বলে প্রত্যাখ্যান করেছেন। এটি ভারতকে এমন একটি সম্ভাব্য ভিত্তি তৈরি করার সুযোগ দিচ্ছে যে তাঁর বিরুদ্ধে আনা অভিযোগগুলো ছিল রাজনৈতিক উদ্দেশ্যপ্রণোদিত।
ভারতের প্রত্যর্পণ আইন, সেই সঙ্গে বাংলাদেশের সঙ্গে দেশটির প্রত্যর্পণ চুক্তিতেও ‘রাজনৈতিক অপরাধের’ ক্ষেত্রে ব্যতিক্রম অন্তর্ভুক্ত রয়েছে, যা এ ধরনের পরিস্থিতির জন্যই মূলত যুক্ত করা হয়েছে। এটি কোনো একটি দেশকে কারও অপরাধের ধরন রাজনৈতিক হলে তাঁকে প্রত্যর্পণের আবেদন প্রত্যাখ্যানের সুযোগ দিয়েছে।
অনিল ত্রিগুণায়েত বলেন, ‘ভারতকে এটাকে রাজনৈতিক অপরাধ হিসেবে দেখতে হবে, মানবতাবিরোধী অপরাধ হিসেবে নয়; যে অপরাধে তাঁকে অভিযুক্ত করা হয়েছে।’
অবশ্য অনিল ত্রিগুণায়েত উল্লেখ করেন যে শেখ হাসিনা এখনো সব আইনি প্রতিকার শেষ করেননি। তিনি রায়ের বিরুদ্ধে বাংলাদেশের সুপ্রিম কোর্টে আপিল করতে পারেন। এরপর হেগের আন্তর্জাতিক অপরাধ আদালতে যাওয়ারও সম্ভাবনা রয়েছে।
বাংলাদেশে দায়িত্ব পালন করা সাবেক এই ভারতীয় কূটনীতিক বলেন, ‘যেহেতু সব প্রতিকার শেষ হয়নি, তাই ভারত তাঁকে পাঠানোর জন্য তাড়াহুড়ো করবে না।’
যেদিন শেখ হাসিনার মৃত্যুদণ্ডের রায় দেওয়া হয়, ওই দিনই বাংলাদেশের পররাষ্ট্র মন্ত্রণালয় ‘বিলম্ব না করে’ তাঁকে হস্তান্তর করার জন্য ভারতের প্রতি আহ্বান জানায়। মন্ত্রণালয় বলেছে, ‘দুই দেশের মধ্যে বিদ্যমান দ্বিপক্ষীয় প্রত্যর্পণ চুক্তি অনুযায়ী এটি ভারতের দায়িত্ব।’
শেখ হাসিনার মৃত্যুদণ্ডের রায় বাংলাদেশে আগামী ফেব্রুয়ারিতে অনুষ্ঠেয় জাতীয় নির্বাচনের জন্য এক উত্তেজনাপূর্ণ পরিস্থিতি তৈরি করেছে।
শেখ হাসিনার আওয়ামী লীগের কার্যক্রম এখন নিষিদ্ধ এবং দলটির নেতৃত্ব ছত্রভঙ্গ হওয়ায় নোবেল শান্তি পুরস্কার বিজয়ী অধ্যাপক মুহাম্মদ ইউনূসের নেতৃত্বাধীন অন্তর্বর্তী সরকার গভীরভাবে দ্বিধাবিভক্ত দেশের রাজনৈতিক সংস্কৃতি থেকে জাতিকে বের করে আনার এক বিশাল চ্যালেঞ্জের মুখোমুখি রয়েছে।
আওয়ামী লীগের অনুপস্থিতি তাদের প্রধান প্রতিদ্বন্দ্বী খালেদা জিয়ার বাংলাদেশ জাতীয়তাবাদী দল–বিএনপি এবং অন্য ডজনখানেক ছোট দলের জন্য ভবিষ্যতের যেকোনো নির্বাচনে প্রতিদ্বন্দ্বিতা করার পথ খুলে দিয়েছে। যদিও বিশেষজ্ঞরা সতর্ক করেছেন, এতে দীর্ঘদিনের গভীর বিভেদ সহজে সমাধান না–ও হতে পারে।
রাষ্ট্রবিজ্ঞানী মোবাশ্বার হাসান বলেন, ‘বাংলাদেশ এই মুহূর্তে বিভেদ ভুলে মিলেমিশে থাকার মতো অবস্থা থেকে অনেক দূরে।’ তিনি মনে করেন, আওয়ামী লীগ হয়তো আবার রাজনীতিতে ফিরে আসার চেষ্টা করতে পারে, যদিও তা হাসিনার নেতৃত্বে হওয়ার মতো নয়।
এখন প্রশ্ন হলো—শেখ হাসিনার বিদায় কি একটি বিষাক্ত যুগের অবসান ঘটাবে নাকি কেবলই অনিশ্চয়তার এক নতুন অধ্যায়ের সূচনা করবে।"
মানবতাবিরোধী অপরাধে হাসিনার সাজা ভারত-বাংলাদেশ সম্পর্ককে পরীক্ষায় ফেলেছে,1,"ভারতের কাছে কিছু বন্ধুত্ব কৌশলগত দিক থেকে যেমন মূল্যবান, তেমনই এর রাজনৈতিক দায়ভারও অনেক বেশি। বাংলাদেশের সাবেক নেতা শেখ হাসিনার সঙ্গে নয়াদিল্লির দীর্ঘদিনের সখ্য অনেকটা তেমনই।
ক্ষমতায় থাকার ১৫ বছরে শেখ হাসিনা ভারতকে এমন কিছু দিয়েছেন, যা নয়াদিল্লি তার দিক থেকে সর্বোচ্চ গুরুত্ব দেয়। সেগুলো হলো স্থিতিশীলতা, যোগাযোগ এবং চীনের পরিবর্তে ভারতের সঙ্গে নিজেদের স্বার্থ সমন্বয় করতে ইচ্ছুক এক প্রতিবেশী।
বর্তমানে শেখ হাসিনা সীমান্তের ওপারে ভারতে অবস্থান করছেন। কিন্তু বাংলাদেশে একটি বিশেষ ট্রাইব্যুনাল (আন্তর্জাতিক অপরাধ ট্রাইব্যুনাল) তাঁকে মানবতাবিরোধী অপরাধে মৃত্যুদণ্ড দিয়েছেন। এই দণ্ড দেওয়া হয়েছে ছাত্র নেতৃত্বাধীন বিক্ষোভে দমন–পীড়নের কারণে, যে বিক্ষোভে তিনি ক্ষমতাচ্যুত হন।
২০২৪ সালের ওই বিক্ষোভ শেখ হাসিনাকে দেশ ছেড়ে পালাতে বাধ্য করে এবং তাতে নোবেলজয়ী অধ্যাপক মুহাম্মদ ইউনূসের নেতৃত্বে একটি অন্তর্বর্তী সরকার গঠনের পথ সুগম হয়। আগামী বছরের শুরুর দিকে বাংলাদেশে নির্বাচন হওয়ার কথা রয়েছে।
এই সবকিছু মিলিয়েই একটি কূটনৈতিক জটিলতা তৈরি হয়েছে। ঢাকা শেখ হাসিনার প্রত্যর্পণ চায়, কিন্তু নয়াদিল্লি তাতে সায় দেওয়ার কোনো আগ্রহ দেখায়নি। এতে কার্যত তাঁর মৃত্যুদণ্ড কার্যকর অসম্ভব হয়ে পড়েছে।
নয়াদিল্লি যে মানবিক আশ্রয় দিতে চেয়েছিল, তা এখন একটি দীর্ঘ ও অস্বস্তিকর পরীক্ষায় পরিণত হচ্ছে। আর সেটা হলো দিল্লি তার এক পুরোনো মিত্রর জন্য কত দূর যেতে ইচ্ছুক এবং এ প্রক্রিয়ায় সে কূটনৈতিক সক্ষমতার কতটুকু ব্যয় করার জন্য প্রস্তুত রয়েছে।
দক্ষিণ এশিয়াবিষয়ক বিশেষজ্ঞ মাইকেল কুগেলম্যানের মতে, ভারতের সামনে আকর্ষণীয় নয়—এমন চারটি বিকল্প রয়েছে।
ভারত হাসিনাকে হস্তান্তর করতে পারে, ‘যা তারা সত্যিকার অর্থে করতে চায় না’। দেশটি এখন যে অবস্থানে আছে (চুপ থাকা), তা বজায় রাখতে পারে। যদিও আগামী বছর একটি নতুন নির্বাচিত সরকার ক্ষমতায় আসার পর দিল্লির জন্য এটি ক্রমেই ঝুঁকিপূর্ণ হয়ে উঠবে।
অথবা ভারত হাসিনাকে নীরব থাকার জন্য চাপ দিতে পারে এবং তাঁকে বিবৃতি বা সাক্ষাৎকার দেওয়া থেকে বিরত থাকতে বলতে পারে। নিজের দল আওয়ামী লীগকে নেতৃত্ব দিতে থাকায় এমন কিছু তিনি ‘মেনে নিতে প্রস্তুত নন’। আর দিল্লিও এমন কিছু কার্যকর করবে না বলে মনে হয়।
কুগেলম্যান বলেন, অপর বিকল্পটি হলো হাসিনাকে আশ্রয় দেওয়ার জন্য তৃতীয় একটি দেশ খুঁজে বের করা। কিন্তু সেটাও অনেক জটিল, কারণ খুব কম সরকারই গুরুতর আইনি সমস্যা ও নিরাপত্তার প্রয়োজন রয়েছে—এমন একজন অতিথিকে গ্রহণ করতে প্রস্তুত হবে।
হাসিনাকে প্রত্যর্পণ করা অচিন্তনীয়। ভারতের ক্ষমতাসীন দল ও বিরোধী দল—উভয়েই তাঁকে ঘনিষ্ঠ বন্ধু হিসেবে দেখে। কুগেলম্যানের মতে, ‘ভারত গর্ব করে যে সে তার বন্ধুদের বিরুদ্ধে যায় না।’
মুহূর্তটি দিল্লির জন্য বিশেষভাবে বিব্রতকর হওয়ার কারণ হলো ভারত-বাংলাদেশ সম্পর্কের গভীরতা এবং তা অসম প্রকৃতির হওয়াটা। এ সম্পর্ক বাংলাদেশের জন্মলগ্নে ভারতের গুরুত্বপূর্ণ ভূমিকার ওপর ভিত্তি করে প্রতিষ্ঠিত।
বাংলাদেশ দক্ষিণ এশিয়ায় ভারতের সবচেয়ে বড় বাণিজ্যিক অংশীদার। আর ভারতও এশিয়ায় বাংলাদেশের সবচেয়ে বড় রপ্তানি বাজারে পরিণত হয়েছে। গত বছর দুই দেশের মোট বাণিজ্যের পরিমাণ প্রায় ১ হাজার ৩০০ কোটি ডলারে পৌঁছেছে। এই বাণিজ্যে বাংলাদেশের বড় ধরনের ঘাটতি রয়েছে। মূলত ভারতীয় কাঁচামাল, জ্বালানি ও ট্রানজিট রুটের ওপর ব্যাপকভাবে নির্ভরশীল বাংলাদেশ।
গত এক দশকে ভারত বাংলাদেশকে ৮০০ থেকে ১০০০ কোটি ডলারের স্বল্প সুদের ঋণ দেওয়ার প্রস্তাব দিয়েছে। পাশাপাশি কিছু পণ্যে শুল্কমুক্ত প্রবেশাধিকার, আন্তসীমান্ত রেল যোগাযোগ স্থাপন এবং ভারতীয় গ্রিড ও বন্দর থেকে বিদ্যুৎ, জ্বালানি তেল ও তরলীকৃত গ্যাস (এলএনজি) সরবরাহ করেছে। এ সম্পর্ক এমন নয় যে কোনো পক্ষই সহজে এটি থেকে মুখ ফিরিয়ে নিতে পারবে।
দিল্লির জওহরলাল নেহরু বিশ্ববিদ্যালয়ের সাউথ এশিয়ান স্টাডিজের অধ্যাপক সঞ্জয় ভরদ্বাজ বলেন, ‘ভারত ও বাংলাদেশের মধ্যে একটি জটিল পারস্পরিক নির্ভরশীলতা রয়েছে—তারা পানি, বিদ্যুৎ এবং আরও অনেক কিছুর জন্য একে অপরের ওপর নির্ভর করে। ভারতের সহযোগিতা ছাড়া বাংলাদেশের পক্ষে স্বাভাবিকভাবে কার্যক্রম চালিয়ে যাওয়া কঠিন হবে।’
তারপরও অনেকে মনে করেন, অধ্যাপক ইউনূসের নেতৃত্বাধীন বাংলাদেশের অন্তর্বর্তী সরকার এখন তার বৈদেশিক সম্পর্ককে দ্রুত ভারসাম্যপূর্ণ করার দিকে এগোচ্ছে। ন্যাশনাল ইউনিভার্সিটি অব সিঙ্গাপুর প্রকাশিত এক গবেষণাপত্রে রাষ্ট্রবিজ্ঞানী বিয়ান সাই বলেছেন, তাঁর দায়িত্ব পালনের প্রথম মাসগুলোয় সরকার ব্যাপক কূটনৈতিক তৎপরতার মাধ্যমে বাংলাদেশের পররাষ্ট্রনীতিকে ‘ভারত নির্ভরতামুক্ত’ করার লক্ষ্যে কাজ করেছে।
যে সরকার একসময় প্রতিটি আঞ্চলিক ফোরামে ভারতের সঙ্গে অভিন্ন অবস্থান নিত, তারা এখন বিচার বিভাগীয় অভিজ্ঞতা বিনিময় বাতিল করছে, ভারতীয় জ্বালানিচুক্তিগুলো পর্যালোচনা করছে, ভারত পরিচালিত যোগাযোগ প্রকল্পগুলোর গতি কমাচ্ছে। আর কৌশলগত অংশীদারত্বের জন্য প্রকাশ্যে বেইজিং, ইসলামাবাদ, এমনকি আঙ্কারার দিকে ঝুঁকছে। অনেকে বলছেন, বার্তাটি আরও স্পষ্ট হওয়ার প্রয়োজন পড়ে না যে একসময় ভারতের সবচেয়ে নির্ভরযোগ্য প্রতিবেশী বাংলাদেশ এখন অনেক ভেবেচিন্তে এগোচ্ছে।
সম্পর্কের এই অবনতি জনমতেও দৃশ্যমান। ঢাকাভিত্তিক সেন্টার ফর অল্টারনেটিভসের সাম্প্রতিক এক জরিপে দেখা গেছে, ৭৫ শতাংশের বেশি বাংলাদেশি বেইজিংয়ের সঙ্গে সম্পর্ককে ইতিবাচক হিসেবে দেখছেন। যেখানে দিল্লির প্রতি ইতিবাচক মনোভাব দেখিয়েছেন মাত্র ১১ শতাংশ, যা গত বছরের অভ্যুত্থানের পরের মনোভাবকে প্রতিফলিত করে। অনেকে শেখ হাসিনার শেষ বছরগুলোয় তাঁর ক্রমবর্ধমান কর্তৃত্ববাদী শাসনকে সমর্থনের জন্য নয়াদিল্লিকে দায়ী করেন এবং ভারতকে একটি কর্তৃত্বপরায়ণ প্রতিবেশী হিসেবে দেখেন।
অধ্যাপক ভরদ্বাজ বলেন, দীর্ঘস্থায়ী অর্থনৈতিক ও সাংস্কৃতিক সম্পর্ক প্রায়ই রাজনৈতিক পরিবর্তন সত্ত্বেও টিকে থাকে। পরিসংখ্যানে দেখা যায়, ২০০১ থেকে ২০০৬ সালে যখন ‘কম বন্ধুত্বপূর্ণ’ বাংলাদেশ জাতীয়তাবাদী দল (বিএনপি) জামায়াতে ইসলামীর সঙ্গে জোট বেঁধে ক্ষমতায় ছিল, তখন ভারত ও বাংলাদেশের মধ্যে বাণিজ্য বৃদ্ধি পেয়েছিল।
জওহরলাল নেহরু বিশ্ববিদ্যালয়ের এই অধ্যাপক আরও বলেন, ‘সরকার পরিবর্তনের সঙ্গে সঙ্গে কূটনৈতিক ও রাজনৈতিক সম্পর্ক প্রায়ই ওঠানামা করলেও অর্থনৈতিক, সাংস্কৃতিক ও ক্রীড়া সম্পর্ক মূলত স্থিতিশীল থাকে। এমনকি একটি নতুন প্রশাসন ভারতের প্রতি কম বন্ধুত্বপূর্ণ হলেও তা স্বয়ংক্রিয়ভাবে বাণিজ্য বা বৃহত্তর দ্বিপক্ষীয় সম্পর্ককে বিঘ্নিত করে না।’
নয়াদিল্লির জন্য চ্যালেঞ্জ শুধু নির্বাসিত এক মিত্রকে সামলানোই নয়, বরং এমন এক প্রতিবেশীকে আস্থায় রাখা, যা দেশটির নিরাপত্তার কেন্দ্রে রয়েছে। এর মধ্যে রয়েছে সন্ত্রাস দমন ও সীমান্ত ব্যবস্থাপনা থেকে শুরু করে দেশটির (ভারতের) প্রত্যন্ত উত্তর-পূর্বাঞ্চলে প্রবেশের সুযোগ। বিশেষজ্ঞরা বলছেন, ভারতের সঙ্গে বাংলাদেশের ৪ হাজার ৯৬ কিলোমিটার দীর্ঘ সীমান্ত রয়েছে, যা প্রধানত অরক্ষিত ও আংশিকভাবে নদী দ্বারা বেষ্টিত। বাংলাদেশে অভ্যন্তরীণ অস্থিরতা মানুষের বাস্তুচ্যুতি বা চরমপন্থীদের সংঘবদ্ধ হওয়ার সুযোগ করে দিতে পারে।
ইউনিভার্সিটি অব লন্ডনের স্কুল অব ওরিয়েন্টাল অ্যান্ড আফ্রিকান স্টাডিজে রাজনীতি ও আন্তর্জাতিক অধ্যয়নের শিক্ষক অবিনাশ পালিওয়াল বলেন, ‘ভারতের তাড়াহুড়া করা উচিত হবে না।’ তাঁর যুক্তি, সামনের পথচলার জন্য সামরিক বাহিনীসহ ঢাকার মূল রাজনৈতিক অংশীদারদের সঙ্গে নীরবে, ধৈর্যের সঙ্গে যুক্ত থাকা প্রয়োজন। তিনি মনে করেন, কূটনীতিতে সময়ের প্রয়োজন হয়।
অবিনাশ পালিওয়াল মনে করেন, আগামী ১২ থেকে ১৮ মাস সম্পর্কে অস্থিরতা চলতে পারে। এর তীব্রতা কতটুকু হবে, তা আগামী বছর বাংলাদেশে অনুষ্ঠেয় নির্বাচনের ওপর নির্ভর করবে।
অবিনাশ পালিওয়াল বলেন, ‘যদি অন্তর্বর্তী সরকার গ্রহণযোগ্যতার সঙ্গে নির্বাচন আয়োজন করতে পারে এবং একটি নির্বাচিত সরকার ক্ষমতা গ্রহণ করে, তাহলে তা দুই পক্ষের জন্য সম্পর্ক পুনর্নির্মাণ এবং ক্ষতির পরিমাণ কমিয়ে আনার সুযোগ তৈরি করতে পারে।’
এ অনিশ্চয়তায় দিল্লিকে শুধু তাৎক্ষণিক কৌশলগত পদক্ষেপ নিতে হচ্ছে তা নয়, বরং আরেকটি বড় বিষয়ও সামনে আসছে। সেটা হলো, মানবাধিকার লঙ্ঘনের অভিযোগে বিতর্কিত নেতাদের আড়াল করছে ভারত—এমন সমালোচনার মুখে না পড়ে তারা কীভাবে তাদের সঙ্গে বন্ধুত্বপূর্ণ সম্পর্কে থাকা সরকারগুলোকে ‘সুখে–দুঃখে সব সময়ই পাশে থাকার’ আশ্বাস দিতে পারে?
এ সংকটের কোনো জাদুকরি সমাধান নেই। পালিওয়াল বলেন, এর চেয়ে গুরুত্বপূর্ণ প্রশ্নটি হলো, ভারত কেন এই সমস্যায় পড়েছে? অন্যভাবে বললে, দীর্ঘদিন ধরে হাসিনাকে এককভাবে সমর্থন দিয়ে দিল্লি কি ‘সবকিছু এক ঝুড়িতে ঢেলেছে’?
বাংলাদেশে ভারতের সাবেক হাইকমিশনার পিনাক রঞ্জন চক্রবর্তী বলেন, ‘ক্ষমতায় যে থাকে, যে বন্ধুত্বপূর্ণ এবং আপনার কাজ সমাধানে সহযোগিতা করে, তার সঙ্গেই আপনি কাজ করেন। আপনি কেন এটা পরিবর্তন করবেন? পররাষ্ট্রনীতি সাধারণত জনগণের মনোভাব বা নৈতিকতা দিয়ে পরিচালিত হয় না, রাষ্ট্রীয় সম্পর্কগুলো খুব কমই এমন হয়।’
পিনাক রঞ্জন চক্রবর্তী বলেন, ‘আমরা অভ্যন্তরীণভাবে বাংলাদেশের রাজনীতি নিয়ন্ত্রণ করতে পারি না। এটা কলহপ্রিয়, গভীরভাবে বিভাজনমূলক এবং ভঙ্গুর প্রতিষ্ঠানগুলোর ওপর ভিত্তি করে গড়ে উঠেছে।’
কুগেলম্যান বলেন, ভারত এই গভীর রাজনৈতিক বিভাজনকে পাশ কাটিয়ে পক্ষগুলোকে একটি জায়গায় আনতে পারবে কি না, তা অনিশ্চিত। একই সঙ্গে অনেক কিছু নির্ভর করছে বাংলাদেশের পরবর্তী সরকারের ওপর। তিনি আরও বলেন, ‘মুখ্য বিষয় হলো বাংলাদেশের পরবর্তী সরকার হাসিনার বিষয়টিকে দ্বিপক্ষীয় সম্পর্কের ওপর কতটা প্রভাব ফেলতে দেবে। যদি তারা এ সম্পর্ককে জিম্মি করে রাখে, তাহলে সামনে এগোনো কঠিন হবে।’
শেষ পর্যন্ত বাংলাদেশের পরবর্তী নির্বাচিত সরকারকে অভ্যন্তরীণ রাজনীতি এবং মানুষের ভারতবিরোধী মনোভাবের বিপরীতে দেশের মৌলিক স্বার্থ, সীমান্তনিরাপত্তা, বাণিজ্য ও যোগাযোগ—এগুলোকে গুরুত্ব দিতে হবে বলে মনে করেন কুগেলম্যান।
‘আমি দ্বিপক্ষীয় সম্পর্কে গুরুতর সংকটের আশঙ্কা করছি না। তবে আমার ধারণা, সবচেয়ে ভালো পরিস্থিতিতেও সম্পর্কটা দুর্বলই থাকবে,’ বলেন কুগেলম্যান।"
সন্দেহ হলেই আটক,1,"কার্যক্রম নিষিদ্ধ আওয়ামী লীগের অনলাইনে ডাকা ‘লকডাউন’ কর্মসূচি ঠেকাতে আরও কঠোর হবে সরকার। কোনো ব্যক্তি নাশকতা করতে পারেন, এমন সন্দেহ হলেই আটক করবে আইনশৃঙ্খলা রক্ষাকারী বাহিনী।
আইনশৃঙ্খলা–সংক্রান্ত উপদেষ্টা পরিষদ কমিটির সভায় গতকাল মঙ্গলবার এ নির্দেশ দেওয়া হয়েছে। রাজধানীর সচিবালয়ে এ সভা অনুষ্ঠিত হয়। বৈঠকে উপস্থিত একাধিক সূত্রের মাধ্যমে এসব সিদ্ধান্তের বিষয়ে নিশ্চিত হওয়া গেছে।
আওয়ামী লীগ ১৩ নভেম্বর, অর্থাৎ আগামীকাল বৃহস্পতিবার লকডাউন কর্মসূচি ডেকেছে অনলাইনে। এদিন আন্তর্জাতিক অপরাধ ট্রাইব্যুনালে (আইসিটি) জুলাই গণ-অভ্যুত্থানের সময়কার মানবতাবিরোধী অপরাধের একটি মামলার রায়ের তারিখ ঘোষণা করার কথা রয়েছে। ওই মামলার আসামিদের মধ্যে রয়েছেন ক্ষমতাচ্যুত প্রধানমন্ত্রী শেখ হাসিনা, সাবেক স্বরাষ্ট্রমন্ত্রী আসাদুজ্জামান খান কামাল এবং সাবেক আইজিপি (পুলিশের মহাপরিদর্শক) চৌধুরী আবদুল্লাহ আল-মামুন (অ্যাপ্রুভার বা রাজসাক্ষী)। জুলাই হত্যাযজ্ঞের ঘটনায় এটিই প্রথম মামলা, যেটির রায় ঘোষণার তারিখ জানানোর অপেক্ষায় রয়েছে।
আওয়ামী লীগের কর্মসূচির আগে ঢাকা ও ঢাকার বাইরে কয়েকটি জায়গায় বাসে আগুন, ককটেল বিস্ফোরণ ও ঝটিকা মিছিলের ঘটনা ঘটেছে। এসবের পরিপ্রেক্ষিতে গত রোববার আইনশৃঙ্খলা–সংক্রান্ত কোর কমিটির সভা হয়েছিল। গতকাল হলো আইনশৃঙ্খলা–সংক্রান্ত উপদেষ্টা পরিষদ কমিটির সভা। আটজন উপদেষ্টার সমন্বয়ে এ কমিটি গঠিত।
বৈঠকে উপস্থিত একাধিক সূত্র জানিয়েছে, এতে ‘লকডাউন’ কর্মসূচি নিয়ে বিস্তারিত আলোচনা হয়। সরকারের গোয়েন্দা সংস্থার প্রতিনিধিরা আওয়ামী লীগ কী ধরনের কার্যক্রম চালাতে পারে, তা তুলে ধরেন। একটি সংস্থার প্রতিনিধি জানান, বরিশাল অঞ্চল থেকে আওয়ামী লীগের বেশ কিছু নেতা-কর্মী ঢাকায় এসেছেন। তাঁরা বিভিন্ন জায়গায় অবস্থান করছেন। এসব আলোচনার পর আওয়ামী লীগ নেতা-কর্মীদের সম্ভাব্য অবস্থান ঘিরে অভিযান চালানোর সিদ্ধান্ত হয়।
ঢাকায় রাস্তার পাশে খোলা জ্বালানি তেল বিক্রি হয়। আওয়ামী লীগের নেতা-কর্মীরা সেখান থেকে তেল নিয়ে অগ্নিসংযোগের ঘটনা ঘটাতে পারেন বলে সভায় আলোচনা হয়। বৈঠকে সিদ্ধান্ত হয়, আগামী নির্বাচন পর্যন্ত খোলা জ্বালানি তেল বিক্রি বন্ধ থাকবে।
সূত্র বলছে, বৈঠকে একটি বাহিনীর প্রতিনিধি বলেন, আওয়ামী লীগের কর্মসূচিকে ঘিরে আইনশৃঙ্খলা রক্ষাকারী বাহিনী প্রস্তুত রয়েছে। তবে রাজনৈতিক কর্মসূচি রাজনৈতিক দলগুলোর মাধ্যমে মোকাবিলা করতে হবে। আইনশৃঙ্খলা রক্ষাকারী বাহিনীর পক্ষে অলিগলিতে পাহারা দেওয়া কঠিন।
বৈঠকে এ বিষয়ে আলোচনা শেষে রাজনৈতিক দলগুলোকে বার্তা দেওয়ার সিদ্ধান্ত হয়, যাতে তারা তাদের তৎপরতা বাড়ায়। বৈঠকে আরও সিদ্ধান্ত হয়, নির্বাচনের সময় ব্যবহারের জন্য পুলিশের জন্য অবশ্যই বিশেষ ক্যামেরা কেনা হবে, যা ‘বডি–ওর্ন’ ক্যামেরা নামে পরিচিত। বৈঠকে র‍্যাব ও আনসার সদস্যদের নতুন পোশাক তুলে ধরা হয়। আনসার সদস্যদের জন্য নতুন পোশাক ঠিক হয়েছে। র‍্যাবের পোশাকে কিছু পরিবর্তন আনা হবে। উল্লেখ্য, গত জানুয়ারিতে পুলিশ, র‍্যাব ও আনসারের নতুন পোশাক ঠিক করা হয়েছিল। তখন পোশাকের রং নিয়ে সমালোচনা হয়। এখন র‍্যাব ও আনসারের পোশাকে পরিবর্তন আনা হচ্ছে।
বৈঠক শেষে সাংবাদিকদের ব্রিফিং করেন স্বরাষ্ট্র উপদেষ্টা লেফটেন্যান্ট জেনারেল (অব.) জাহাঙ্গীর আলম চৌধুরী। তিনি নাশকতা সৃষ্টি করতে পারেন—এমন সন্দেহভাজন কাউকে দেখলেই আইনশৃঙ্খলা রক্ষাকারী বাহিনীকে জানানোর আহ্বান জানান।
উপদেষ্টা বলেন, দেশে যেকোনো ধরনের অরাজকতা ঠেকাতে আইনশৃঙ্খলা রক্ষাকারী বাহিনী শক্ত অবস্থানে আছে। পরিস্থিতি স্বাভাবিক থাকবে। কোনো রকম অপ্রীতিকর ঘটনার আশঙ্কা নেই।
অবৈধ অস্ত্র উদ্ধারের অগ্রগতি বিষয়ে সাংবাদিকদের এক প্রশ্নের জবাবে উপদেষ্টা বলেন, অবৈধ অস্ত্র উদ্ধার অভিযান অব্যাহত আছে। কিছু কিছু অস্ত্র এখনো উদ্ধার হয়নি, বাইরে আছে, সেগুলো যাতে দ্রুত উদ্ধার হয়, সে ব্যবস্থা নেওয়া হচ্ছে। তিনি বলেন, গ্রামগঞ্জে মাদক ছড়িয়ে পড়ছে। এটা দূর করতে সবার সহযোগিতা প্রয়োজন।
সাংবাদিকদের আরেক প্রশ্নের জবাবে উপদেষ্টা বলেন, কয়েক জায়গায় বাসে আগুন ও কয়েকটি ককটেল বিস্ফোরণের ঘটনা ঘটেছে। এগুলো যাতে আর না ঘটে, সে জন্য আইনশৃঙ্খলা রক্ষাকারী বাহিনীকে নির্দেশনা দেওয়া হয়েছে। তিনি এ সময় সব রাজনৈতিক দলকে অগ্নিসংযোগসহ সব ধরনের নাশকতা প্রতিরোধে একযোগে কাজ করার আহ্বান জানান।
নির্বাচনকে সামনে রেখে পার্শ্ববর্তী দেশ থেকে কোনো সন্ত্রাসী দেশে ঢুকতে পারে কি না, জানতে চাইলে উপদেষ্টা বলেন, সীমান্তরক্ষী বাহিনীকে নির্দেশনা দেওয়া হয়েছে এবং সেখানে নিরাপত্তা আরও কঠোর করা হচ্ছে, যাতে কোনো ধরনের সন্ত্রাসী দেশে না ঢুকতে পারে।
সন্ত্রাসীদের জামিনে মুক্তি পেয়ে অপরাধে জড়িত হওয়ার বিষয়ে উপদেষ্টা বলেন, তাঁরা অন্য কোনো অপরাধ বা সন্ত্রাসী কর্মকাণ্ডে জড়িত হলে গ্রেপ্তার করা হবে।"
